id,url,title,difficulty,category,description,goal
57170ad9b412d36633cf2d5d,https://playentry.org/study/lecture/57170ad9b412d36633cf2d5d,[Vol.3] 대한민국 지도 퍼즐,쉬움,기타,"엔트리로 대한민국 지도 퍼즐을 만들어보면서 우리 국토에 대해 공부해봅시다. 마우스로 각 지역 퍼즐 조각을 드래그하면 퍼즐을 맞출 수 있습니다. 
지금 바로 시작해보세요~!",오브젝트를 여러 개 가진 퍼즐 작품을 만들 수 있다. | 마우스로 드래그하여 퍼즐조각을 옮기는 코드를 만들 수 있다.
57170d5b7e8cc2e971057723,https://playentry.org/study/lecture/57170d5b7e8cc2e971057723,[Vol.3] 퍼즐을 맞추면 지역 이름이 뜨도록 하기,중간,기타,이번엔 퍼즐을 알맞은 위치에 맞추었을 때 변수 값을 지역이름으로 바꿀 수 있도록 블록을 추가해봅시다!,변수를 사용할 수 있다. | 퍼즐을 알맞은 위치에 맞추었을 때 변수 값을 지역 이름으로 바꿀 수 있다.
57170fd6bba8e81d72043698,https://playentry.org/study/lecture/57170fd6bba8e81d72043698,[Vol.3] 벚꽃 애니메이션,중간,1시간 이상기타,"벚꽃이 만개하는 4월입니다. 
그동안 예쁜 벚꽃들이 흩날리는 모습을 눈으로만 느꼈다면 
이번 시간에는 엔트리를 사용해 직접 만들어보아요~

재생버튼을 누르면 벚꽃이 흩날리는 애니메이션을 감상할 수 있습니다.",신호를 활용하여 벚꽃이 만개하면 꽃잎이 떨어지기 시작하도록 만들 수 있다. | 복제본을 만들어 벚꽃잎을 여러 개 만들 수 있다. | 무작위 수를 활용하여 벚꽃잎이 자연스럽게 떨어지도록 만들 수 있다.
57171187bba8e81d720436b2,https://playentry.org/study/lecture/57171187bba8e81d720436b2,[Vol.3] 벚꽃잎이 떨어지는 속도 조절하기,어려움,기타,시간 간격'이라는 변수를 만들어 벚꽃잎이 떨어지는 속도를 조절해봅시다.,변수를 만들 수 있다. | 변수를 활용하여 벚꽃잎이 떨어지는 속도를 조절할 수 있다.
57171a91606f6a34e35346c9,https://playentry.org/study/lecture/57171a91606f6a34e35346c9,[Vol.3] 세계지도 퍼즐,중간,기타,"지난 시간 엔트리로 대한민국 지도 퍼즐을 만들어보면서 우리 국토에 대해 공부해보았습니다. 
이번 시간에는 지난 시간에 배운 개념들을 활용하여 세계지도 퍼즐을 만들어보고 드넓은 세계가 어떠한 대륙들로 이루어져있는지 살펴봅시다~!",마우스로 드래그하여 퍼즐조각을 옮기는 코드를 만들 수 있다. | 퍼즐을 알맞은 위치에 맞추었을 때 변수 값을 대륙 이름으로 바꿀 수 있다.
57173407dc714c7872eb1db9,https://playentry.org/study/lecture/57173407dc714c7872eb1db9,[Vol.3] 로켓 발사!,쉬움,기타,반복하기 블록 사용과 장면을 추가하여 로켓을 발사하는 애니메이션을 만들어봅시다.,반복하기 블록을 사용하여 로켓의 y좌표를 계속 바꿀 수 있다. | 장면을 추가할 수 있다.
57173792606f6a34e3534ac2,https://playentry.org/study/lecture/57173792606f6a34e3534ac2,[Vol.3] 클릭하면 자라나는 식물,중간,기타,"잔디밭의 원하는 위치에 마우스를 클릭해보세요~!
식물의 한살이를 관찰할 수 있어요!",마우스를 클릭할 때마다 복제본을 만들 수 있다. | 오브젝트의 모양을 바꿀 수 있다.
57173fab443f2a22727aee08,https://playentry.org/study/lecture/57173fab443f2a22727aee08,[Vol.3] 전등을 켜보아요!,중간,기타,"실행화면의 좌측 상단에 있는 슬라이더로 밝기를 조절할 수 있습니다.
밝기를 조절해보며 전등을 켜보거나 꺼보세요!",오브젝트의 모양을 바꿀 수 있다. | 변수를 활용하여 투명도를 조절할 수 있다.
57305f0ba7ad06cde74453ae,https://playentry.org/study/lecture/57305f0ba7ad06cde74453ae,엔트리봇 움직이기,쉬움,기타,"더 많은 블록 명령어로 엔트리봇을 자유롭게 움직여보세요! 엔트리봇의 색을 변화시키거나 말을 하게 할 수도 있어요. 
첨부파일을 다운받아 차근차근 따라해보세요!",엔트리봇의 크기와 방향을 바꾸어봅시다. | 엔트리봇이 말을 하도록 해 봅시다. | 엔트리봇의 색을 알록달록하게 바꾸어봅시다. | 엔트리봇이 화면을 달려다니도록 만들어봅시다.
57314384fafd988b9811815a,https://playentry.org/study/lecture/57314384fafd988b9811815a,동물들의 대화,쉬움,기타,여러 오브젝트가 서로 대화하는 애니메이션을 만들어보세요!,명령을 순서대로 실행하는 순차에 대해 알아봅시다. | 여러 명령이 동시에 실행되는 병렬에 대해 알아봅시다.
573145e79d92d438bd7ea506,https://playentry.org/study/lecture/573145e79d92d438bd7ea506,전자 피아노 만들기,쉬움,기타,마우스로 피아노 건반을 눌러 음악을 연주해보세요!,명령을 차례대로 실행하는 순차에 대해 알아봅시다. | 특정 상황에서 명령을 실행시키는 이벤트에 대해 알아봅시다.
5731477b9f86b5e1bce6e32e,https://playentry.org/study/lecture/5731477b9f86b5e1bce6e32e,키보드로 강아지 움직이기,쉬움,기타,키보드 방향키로 캐릭터를 움직여보세요!,명령을 순서대로 실행하는 순차에 대해 알아봅시다. | 특정 상황에서 명령을 실행하는 이벤트에 대해 알아봅시다.
5731494f48d572f519c2a808,https://playentry.org/study/lecture/5731494f48d572f519c2a808,스탬프 아트,쉬움,기타,오브젝트를 도장처럼 찍어 예쁜 그림을 완성해보세요!,같은 명령들을 쉽게 반복할 수 있는 반복 명령에 대해 알아봅시다. | 특정한 상황에서 명령을 실행하는 이벤트에 대해 알아봅시다.
57314ed5ce3aa463bda0e74f,https://playentry.org/study/lecture/57314ed5ce3aa463bda0e74f,무기점에 간 해적,쉬움,기타,광선검을 클릭해서 오른손에 장착! 다른 무기도 착용해볼까요?,특정한 시점에서 명령을 실행하는 이벤트에 대해 알아봅시다. | 오브젝트끼리 상호작용을 하게 하는 신호에 대해 알아봅시다.
5731888a9e6f44d919c370f5,https://playentry.org/study/lecture/5731888a9e6f44d919c370f5,그림판 만들기,쉬움,기타,색연필로 그림을 그려보세요. 지우개 버튼으로 지울 수도 있어요!,같은 명령들을 쉽게 반복할 수 있는 반복 명령에 대해 알아봅시다. | 특정 상황에서 명령을 실행시키는 이벤트에 대해 알아봅시다. | 오브젝트끼리 상호작용을 하게 하는 신호에 대해 알아봅시다.
5731891590b024409e1e4b96,https://playentry.org/study/lecture/5731891590b024409e1e4b96,꽃송이 만들기,쉬움,기타,꽃잎 한 장 한 장을 모아 예쁜 꽃송이를 만들어보세요!,명령을 순서대로 실행하는 순차에 대해 알아봅시다. | 같은 명령들을 쉽게 반복할 수 있는 반복 명령에 대해 알아봅시다.
5731896741392fe61907b513,https://playentry.org/study/lecture/5731896741392fe61907b513,로봇청소기로 청소하기,쉬움,기타,벽과 장애물을 피해 로봇청소기를 움직여 청소해보세요!,같은 명령들을 쉽게 반복할 수 있는 반복 명령에 대해 알아봅시다. | 상황에 따라 다른 명령을 실행하는 선택에 대해 알아봅시다.
57318a13742491a398676dcb,https://playentry.org/study/lecture/57318a13742491a398676dcb,팔 벌려 뛰기 횟수 세기,쉬움,기타,팔 벌려 뛰기를 할 때마다 횟수를 세주도록 만들어보세요!,같은 명령들을 쉽게 반복할 수 있는 반복 명령에 대해 알아봅시다. | 특정 상황에서 명령을 실행시키는 이벤트에 대해 알아봅시다. | 프로그램에서 정보를 저장하는 변수에 대해 알아봅시다.
57318b02ebdc6e0f6ee5179a,https://playentry.org/study/lecture/57318b02ebdc6e0f6ee5179a,비밀번호로 보물상자 열기,쉬움,기타,"암호를 맞게 입력해야만 열리는 보물상자를 만들어 보세요!
암호는 2002입니다. 틀리게도 입력해보고 맞게도 입력해보세요~",상황에 따라 다른 명령을 실행하는 선택에 대해 알아봅시다. | 프로그램에서 정보를 저장하는 변수에 대해 알아봅시다. | 정보를 입력하거나 이를 처리하여 출력하는 명령에 대해 알아봅시다. | 정보를 입력하거나 이를 처리하여 출력하는 명령에 대해 알아봅시다. | 두 값을 비교하여 참/거짓을 판단하는 비교연산에 대해 알아봅시다.
57318bf79f86b5e1bce6f842,https://playentry.org/study/lecture/57318bf79f86b5e1bce6f842,두더지 게임 만들기,쉬움,기타,30초 동안 튀어나오는 두더지를 잡는 게임을 만들어보세요!,명령을 순서대로 실행하는 순차에 대해 알아봅시다. | 같은 명령들을 쉽게 반복할 수 있는 반복 명령에 대해 알아봅시다. | 상황에 따라 다른 명령을 실행하는 선택에 대해 알아봅시다. | 프로그램에서 정보를 저장하는 변수에 대해 알아봅시다. | 일정 범위 안에서 동일한 확률로 뽑아내는 무작위 수에 대해 알아봅시다.
57318c837e39cfce35c62db4,https://playentry.org/study/lecture/57318c837e39cfce35c62db4,신비한 미디어아트,쉬움,기타,화면을 튀어다니는 신비한 공으로 미디어아트를 표현해 보세요!,같은 명령들을 쉽게 반복할 수 있는 반복 명령에 대해 알아봅시다. | 특정 상황에서 명령을 실행시키는 이벤트에 대해 알아봅시다. | 여러 명령이 동시에 실행되는 병렬에 대해 알아봅시다.
57318ccb4a715ee019807a0f,https://playentry.org/study/lecture/57318ccb4a715ee019807a0f,자동 기사 작성 로봇 만들기,쉬움,기타,스포츠 기사를 자동으로 써주는 로봇을 만들어 보세요!,프로그램에서 정보를 저장하는 변수에 대해 알아봅시다. | 정보를 입력하거나 이를 처리하여 출력하는 명령에 대해 알아봅시다. | 오브젝트끼리 상호작용을 하게 하는 신호에 대해 알아봅시다.
57318d3febdc6e0f6ee51826,https://playentry.org/study/lecture/57318d3febdc6e0f6ee51826,자판기 프로그램 만들기,쉬움,기타,자판기에서 음료수를 고르고 알맞게 돈을 넣어 구매 해보세요!,프로그램에서 정보를 저장하는 변수에 대해 알아봅시다. | 정보를 입력하거나 이를 처리하여 출력하는 명령에 대해 알아봅시다. | 여러가지 수학 연산을 통해 원하는 값을 구해봅시다. | 두 값을 비교하여 참/거짓을 판단하는 비교연산에 대해 알아봅시다.
5731ad77065216e8df3f0fff,https://playentry.org/study/lecture/5731ad77065216e8df3f0fff,영어 단어 퀴즈 만들기,쉬움,기타,퀴즈 프로그램을 만들어 재미있게 영어 단어를 외워보세요!,프로그램에서 정보를 저장하는 변수에 대해 알아봅시다. | 정보를 입력하거나 이를 처리하여 출력하는 명령에 대해 알아봅시다. | 여러가지 수학 연산을 통해 원하는 값을 구해봅시다. | 두 값을 비교하여 참/거짓을 판단하는 비교연산에 대해 알아봅시다.
57467a0f5b3ade07c87b2328,https://playentry.org/study/lecture/57467a0f5b3ade07c87b2328,"[따라하기1] 마우스를 졸졸, 물고기 떼",쉬움,기타,마우스 포인터를 움직여 물고기떼가 춤을 추게 해 보세요!,계속 반복' 블록을 사용하여 명령을 반복 실행할 수 있다. | 여러 개의 오브젝트를 동시에 움직일 수 있다. | '~까지의 거리' 블록과 나눗셈 블록을 활용할 수 있다.
57467b2c71f7c30021c73207,https://playentry.org/study/lecture/57467b2c71f7c30021c73207,해파리를 만나면 색이 바뀌는 물고기 떼,쉬움,기타,"기본 작품을 발전시켜, 해파리를 만나면 색이 바뀌는 물고기 떼를 표현해 봅시다.",만일 ~라면' 블록을 사용하여 해파리를 만난 물고기의 색이 변화하도록 만들 수 있다.
5756cb5182e0b94a713cf0ec,https://playentry.org/study/lecture/5756cb5182e0b94a713cf0ec,[따라하기2] 태양계 행성의 크기와 거리,어려움,기타,태양계 행성의 크기와 거리를 변화시켜봅시다.,"변수와 슬라이드 기능을 활용하여 지구의 크기를 변화시킬 수 있다. | 지구 오브젝트의 위치를 마우스로 움직일 수 있다. | 연산 블록을 활용하여 지구의 크기, 위치에 따라 다른 행성들의 크기, 위치를 변화시킬 수 있다."
5756cd576194e8151bad1e1f,https://playentry.org/study/lecture/5756cd576194e8151bad1e1f,[따라하기1] 감자 캐기,쉬움,기타,마우스를 열 번 클릭해서 감자를 캐보세요!,반복 명령을 사용할 수 있다. | 신호를 사용하여 오브젝트 간 상호작용을 하게 할 수 있다. | 변수를 활용하여 횟수를 누적 체크할 수 있다.
5756ce26e06963491b97e9a6,https://playentry.org/study/lecture/5756ce26e06963491b97e9a6,[따라하기2] 딸기 우유의 진하기,중간,기타,우유와 딸기를 넣고 싶은 만큼 클릭하면 진하기가 계산되며 컵에 담긴 우유의 색이 변합니다.,변수를 사용하여 오브젝트를 클릭한 횟수를 누적 기록할 수 있다. | 연산 블록을 활용하여 비율을 계산할 수 있다. | 비율을 계산한 결과를 시각적으로 시뮬레이션  할  수  있다.
575fbc5cb4dac9417e7f734a,https://playentry.org/study/lecture/575fbc5cb4dac9417e7f734a,[심화1] 해파리를 만나면 색이 바뀌는 물고기 떼,쉬움,기타,마우스포인터를 따라다니는 물고기가 해파리를 만나면 알록달록 색이 바뀝니다.,만일 ~라면' 블록을 사용하여 조건을 만족하면 물고기의 색이 변화하도록 작품을 발전시켜봅시다.
575fbd611725c9ca5cbde75d,https://playentry.org/study/lecture/575fbd611725c9ca5cbde75d,[심화2] 행성에 대한 설명 추가하기,쉬움,기타,각각의 행성을 클릭하면 행성에 대한 설명이 뜨도록 만들어봅시다.,오브젝트를 클릭했을 때 ' 블록을 사용하여 작품을 발전시켜봅시다.
575fbe364e04918309a88bee,https://playentry.org/study/lecture/575fbe364e04918309a88bee,[응용1] 순발력 게임,쉬움,기타,"갈색, 분홍색, 파란색 상자가 차례로 떨어집 니다. 목적지에 도착하는 순간 키보드 1, 2, 3 키를 눌러보세요. 딱 맞았을 때 순발력있게 키를 눌렀다면 perfect!, 너무 빠르거나 놓쳤 다면 Miss가 표시됩니다.",~까지의 거리' 블록을 활용하여 순발력 게임을 만들어봅시다.
575fbea5301dc3cea7f7ce96,https://playentry.org/study/lecture/575fbea5301dc3cea7f7ce96,[응용2] 우주 미니게임,쉬움,기타,우주인이 마우스포인터를 따라 우주를 떠다 닙니다. 별을 먹을 때마다 점수가 10점씩 올 라갑니다. 30초간 몇 점을 얻을 수 있을까요?,마우스포인터로 우주인을 조종하여 별을 먹는 게임을 만들어봅시다.
575fbf276ed584e2436e75e6,https://playentry.org/study/lecture/575fbf276ed584e2436e75e6,[응용3] 돋보기,중간,기타,마우스로 돋보기를 움직여 사물들을 확대시 켜봅시다.,오브젝트의 크기'를 활용하여 돋보기로 오브젝트의 크기를 조절하는 작품을 만들어봅시다.
575fbf9ca3153bcbbb25083d,https://playentry.org/study/lecture/575fbf9ca3153bcbbb25083d,[응용4] 치킨 선호도,중간,기타,"사람들은 양념 치킨을 더 좋아할까요, 후라이 드 치킨을 더 좋아할까요? 치킨 선호도를 조 사하여 이미지로 나타내봅시다. 더 선호도가 높은 치킨이 앞으로 나오고 더 크게 표시됩니 다. 그림의 배율도 슬라이더로 마음대로 조정 할 수 있습니다.",치킨 선호도 조사의 결과를 오브젝트의 크기를 변화시켜 표현해봅시다.
576111ccb65253a55e6ed980,https://playentry.org/study/lecture/576111ccb65253a55e6ed980,[심화1] 감자 여러 개 캐기,쉬움,기타,10번 째 삽으로 뜬 곳에서 감자가 등장합니다. 감자를 여러 개 캘 수 있습니다. 감자 10개를 캐는 동안 서서히 주변이 어두워집니다.,감자를 여러 개 캘 수 있도록 작품을 발전시켜봅시다.
576112a0a9be53cc531a672b,https://playentry.org/study/lecture/576112a0a9be53cc531a672b,[심화2] 딸기 우유 레시피,중간,기타,만들고 싶은 딸기우유의 양과 진하기를 입력하면  필요한 우유와 딸기의 양을 구해줍니다.,기존 작품과는 반대로 원하는 진하기의 딸기우유를 만드는데 필요한 우유와 딸기의 양을 구해주는 자동 레시피 작품을 만들어봅시다.
576112f530bcfebf5ef78fbd,https://playentry.org/study/lecture/576112f530bcfebf5ef78fbd,[응용1] 팔 벌려 뛰기,쉬움,기타,마우스를 클릭할 때마다 소년이 팔 벌려뛰기 를 한 번씩 하며 횟수가 올라갑니다.,변수를 활용하여 팔 벌려뛰기를 하는 횟수를 세어봅시다.
5761136830bcfebf5ef78fd3,https://playentry.org/study/lecture/5761136830bcfebf5ef78fd3,[응용2] 물고기 잡기,쉬움,기타,"마우스를 클릭하면, 낚시왕이 해당 위치에서 물고기를 낚아올립니다. 물고기를 잡은 개수 가 화면에 표기됩니다.",변수를 활용하여 물고기를 잡은 개수를 표시해봅시다.
576113fd5832b0f8ce85c863,https://playentry.org/study/lecture/576113fd5832b0f8ce85c863,[응용3] 원의 둘레와 넓이 구하기,중간,기타,반지름을 변화시켜 원의 둘레와 넓이를 구해 봅시다.,변수와 산술연산을 활용하여 원의 둘레와 넓이를 시뮬레이션해봅시다.
576114c76c6068ce5423591c,https://playentry.org/study/lecture/576114c76c6068ce5423591c,[응용4] 더치페이 계산기,중간,기타,여러 사람이 함께 식사를 하거나 물건을 구입 했을 때 똑같은 한 명이 낼 돈을 구하기 위한 ‘더치페이 계산기’를 만들어봅시다.,변수와 산술연산을 활용하여 더치페이 계산기를 만들어봅시다.
576900bee9942e73008803ac,https://playentry.org/study/lecture/576900bee9942e73008803ac,정다각형 그리기,중간,기타,정다각형을 그리는 규칙을 찾아 다양한 정다각형을 그려봅시다.,사각형을 그리는 코드를 보고 삼각형을 그리는 코드로 바꾸어 봅시다. | 몇 각형을 그릴지 입력받아 정n각형을 그리는 코드로 바꾸어봅시다.
576a205021429fe425b2d689,https://playentry.org/study/lecture/576a205021429fe425b2d689,정다각형 그리기,쉬움,기타,정다각형으로 패턴을 그려봅시다.,정다각형으로 패턴을 그려봅시다.
576b70f51f1a40dd59e60a34,https://playentry.org/study/lecture/576b70f51f1a40dd59e60a34,인공지능 자동차 만들기,중간,기타,"이세돌을 이긴 인공지능 알파고! 그렇다면 우리는 인공지능 자동차를 만들 순 없을까요?
이 강의를 통해 복잡한 미로안을 똑똑하게 지나갈 수 있는 알파카(car)를 만들어봅시다.",자동차가 복잡한 미로안을 똑똑하게 지나갈 수 있도록 만들어 봅시다.
576b7369837b6b7dd414fa97,https://playentry.org/study/lecture/576b7369837b6b7dd414fa97,복불복 룰렛 만들기,어려움,기타,"사용자는 룰렛화살표를 클릭하여 돌릴 횟수를 입력 받습니다. 입력한 횟수만큼 룰렛을 돌리고
100점에 해당하면 누적점수에 100점을 더합니다. 다 돌린 후 누적점수를 돌린 횟수만큼 나누어 기댓값을 구해봅시다.",사용자가 돌리고 싶은 횟수만큼 룰렛 화살표를 돌려 얼만큼의 기댓값을 나타내는지 직접 구해봅시다.
5770e9338cbe52e1e68ffedc,https://playentry.org/study/lecture/5770e9338cbe52e1e68ffedc,무한도전 돌림판 만들기,중간,기타,엔트리봇을 누르면 룰렛판이 돌아갑니다. 오늘의 점심값은 누가 내게 될까요?,무한도전 돌림판을 만들어봅시다.
578354c6e38c423363097a18,https://playentry.org/study/lecture/578354c6e38c423363097a18,(미션) 복불복 룰렛을 만들어라!,쉬움,기타,화면에 마우스를 클릭하면 룰렛이 돌아가고 결과가 표시됩니다.,돌릴 때마다 룰렛 화살표가 3~5 바퀴 돌아가는 코드로 바꾸어봅시다. | 2칸 짜리 룰렛을 5칸 짜리 룰렛으로 바꾸어봅시다. | 룰렛을 돌릴 때마다 결과에 해당하는 변수가 증가하도록 만들어봅시다. | 전체 돌린 횟수도 볼 수 있도록 추가해줍니다.
57837427fe214a71780fc6dc,https://playentry.org/study/lecture/57837427fe214a71780fc6dc,콤보 게임 만들기,중간,기타,죽지 않고 별을 먹으면 콤보가 되어 점수가 더 많이 올라갑니다.,"별을 먹을 때마다 점수가 10씩 증가하도록 만들어봅시다. | 별을 연속해서 먹을 때마다 10, 20, 30 … 점씩 증가하도록 만들어봅시다. | 외계인을 만난 후 별을 먹으면 콤보가 깨져 다시 10점부터 시작하도록 만들어봅시다."
578ee9572c7a5df5a9b23fa3,https://playentry.org/study/lecture/578ee9572c7a5df5a9b23fa3,주차 연습 시뮬레이션,중간,기타,"우리는 다양한 분야에서 시뮬레이션을 활용합니다. 승마, 사격, 심지어 우주에 갈 때에도 수 천 번, 수 만 번 시뮬레이션을 통해 연습한 후에 실전에 임합니다. 시뮬레이션을 활용하면 비용과 노력을 줄일 뿐 아니라, 안전하게 다양한 상황을 경험해 볼 수 있다는 장점이 있습니다. 자동차 운전을 할 때, 대부분의 운전자들이 가장 어려워하는 것이 ‘주차’입니다. 엔트리를 활용하여 실제 주차 상황과 비슷하게 주차 연습 시뮬레이션 프로그램을 만들어봅시다.",엔트리를 활용하여 실제 주차 상황과 비슷하게 수행할 수 있는 주차 연습 시뮬레이션 프로그램을 만들어봅시다.
5795b8c0e0a9c533302ea53d,https://playentry.org/study/lecture/5795b8c0e0a9c533302ea53d,1. 엔트리봇 움직여보기,쉬움,기타,화살표 방향키에 따라 엔트리봇이 움직일 수 있도록 만들어 봅시다.,햄스터를 움직여봅시다.
5795b911c712d0d62662e438,https://playentry.org/study/lecture/5795b911c712d0d62662e438,2. 동전 도난 방지기 프로그램,쉬움,기타,엔트리와 메이키메이키를 이용하여 동전을 가져가면 사이렌이 울리는 프로그램을 만들어 봅시다.,동전 도난 방지 프로그램을 만들어 봅시다.
5795b944501fd14fd7656b09,https://playentry.org/study/lecture/5795b944501fd14fd7656b09,3. 드럼 연주하기,쉬움,기타,엔트리와 메이키메이키를 이용하여 키보드를 누르면 해당 악기가 연주될 수 있도록 만들어 봅시다.,드럼을 연주해봅시다.
5795b9a39022f5a0d7a3c1b6,https://playentry.org/study/lecture/5795b9a39022f5a0d7a3c1b6,4. 순발력 테스트 프로그램,어려움,기타,"키보드 화살표 왼쪽, 오른쪽을 누르면 사이드스탭의 횟수가 올라갑니다.
30초안에 몇 개를 할 수 있는지 측정해봅시다.",순발력을 측정할 수 있는 사이드 스탭 프로그램을 만들어 봅시다.
57b511881ac57331f8b4e3aa,https://playentry.org/study/lecture/57b511881ac57331f8b4e3aa,버킷리스트 만들기,중간,기타,"버킷리스트의 항목 추가, 삭제, 변경, 모두삭제 기능을 만들며 리스트에 대해 익혀봅시다.",리스트를 활용하여 버킷리스트를 만들어봅시다.
57c3c3d39d8a2f48f25a1989,https://playentry.org/study/lecture/57c3c3d39d8a2f48f25a1989,세계 지도 퍼즐 만들기,중간,기타,"1. 마우스로 드래그하여 지도 퍼즐 조각을 옮길 수 있도록 만듭니다.
2. 마우스로 움직이고 있는 조각이 다른 조각에 가려지지 않도록 합니다.
3. 지도 퍼즐 조각을 맞추면 ‘대륙 이름’ 변수에 해당 대륙의 이름을 띄워줍니다.
4. 맞추었던 조각을 떼면 ‘대륙 이름’ 변수에 ‘0’이 표시됩니다.",세계지도 퍼즐을 맞추며 대륙의 위치와 모먕에 대해 공부해봅시다.
581951b46b499390c7528dae,https://playentry.org/study/lecture/581951b46b499390c7528dae,실과용 블록,쉬움,기타,실과용 블록,실과용 블록
58195482dd0b36e2ca2eb8d8,https://playentry.org/study/lecture/58195482dd0b36e2ca2eb8d8,실과용 블록,쉬움,기타,실과용 블록,실과용 블록
58195aa521ca7c164d021c18,https://playentry.org/study/lecture/58195aa521ca7c164d021c18,실과용 블록 2안,쉬움,기타,실과용 블록 2안,실과용 블록 2안
582032ba98d4741f05e859ca,https://playentry.org/study/lecture/582032ba98d4741f05e859ca,[소프트웨어야 놀자]나만의 캐릭터를 꾸며보자,쉬움,기타,"세상의 모든 캐릭터가 다 똑같다면 재미가 없겠죠.
캐릭터를 내가 직접 꾸며본다면 얼마나 재미있을까요?
다양한 옷도 입히고, 왕관도 씌우고, 무기도 골라서 선택하여 나만의 캐릭터를 만들 수 있는 프로그램을 만들어 봅시다.","좌, 우 화살표키를 눌렀을 때 오브젝트 모양을 바꿀 수 있다. | 상, 하 화살표키를 눌렀을 때 오브젝트 크기를 바꿀 수 있다. | 마우스를 클릭했을 때 오브젝트를 그림도장처럼 찍을 수 있다. | 오브젝트를 마우스에 계속 따라다니게 만들 수 있다."
58296267a70e35d9d29cecff,https://playentry.org/study/lecture/58296267a70e35d9d29cecff,[소프트웨어야 놀자] 쥐 잡기 게임,쉬움,기타,"공장에 숨어살고 있는 쥐가 있어요. 말썽을 일으키는 쥐를 잡기위해 고심하던 
주인은 고양이를 공장에 데려왔습니다. 빠르게 도망가는 쥐와 열심히 따라가는 고양이의
추격전! 이번시간에는 마우스를 움직여 쥐를 잡는 게임을 만들어 봅시다.",오브젝트가 마우스를 따라다니게 만들 수 있다. | 오브젝트가 이동방향으로 계속 가도록 만들 수 있다. | 오브젝트가 화면에 닿았을때 튕기도록 만들 수 있다. | 두 오브젝트가 만났을 때 신호를 보낼 수 있다. | 신호를 받았을때 두 오브젝트가 특정한 행동을 하도록 만들 수 있다.
5832b50efab9066ce37e6f7d,https://playentry.org/study/lecture/5832b50efab9066ce37e6f7d,[소프트웨어야 놀자] 미로 속 친구를 구출하라!,쉬움,기타,"미로 속에 친구가 갇혀 있어요. 어디로 갈지 몰라 헤매고 있는 친구를 구하러 경찰차가 등장합니다.
과연 경찰차는 미로 속에 있는 친구를 구출할 수 있을까요? 
이번 시간에는 키보드로 경찰차를 조종하여 친구를 구출하는 게임을 만들어 봅시다!",키보드화살표키를 눌러 오브젝트를 회전시킬 수 있다. | 키보드화살표키를 눌러 오브젝트를 이동시킬 수 있다. | 두 오브젝트가 만났을 때 신호를 보낼 수 있다. | 신호를 받았을때 오브젝트가 특정한 행동을 하도록 만들 수 있다.
583bc72824b972210679de0a,https://playentry.org/study/lecture/583bc72824b972210679de0a,[소프트웨어야 놀자] 풍선 터트리기 게임,쉬움,기타,"하늘위에 풍선이 떠 있어요. 마우스로 풍선을 클릭하니 풍선이 점점 커지네요. 
화면을 꽉 채운 풍선은 곧 ‘펑’소리를 내며 터집니다. 풍선이 사라지면 기록도 보여주네요.
이번시간에는 마우스를 클릭해서 풍선을 터트리는 게임을 만들어 봅시다!",마우스를 클릭하여 오브젝트의 크기를 변화시킬 수 있다. | 조건에 따라 오브젝트가 다른 행동을 하도록 할 수 있다. | 두 문자열을 합쳐서 글상자를 사용할 수 있다.
58451b56cf1b88070d6ac0f8,https://playentry.org/study/lecture/58451b56cf1b88070d6ac0f8,[소프트웨어야 놀자] 승부차기 게임,쉬움,기타,"여기는 FA컵 결승전이 치러지는 상암구장 입니다. 연장전에도 두 팀의 승부가 나지 않아 
결국 승부차기로 승부를 가리려 합니다. 골키퍼는 골대를 왔다갔다 하고 있네요.
긴장감이 감도는 순간 키커가 슛을 날립니다! 과연 골을 넣을 수 있을까요?
이번시간에는 마우스로 하는 승부차기 게임을 만들어 봅시다!",마우스를 클릭하여 오브젝트의 위치를 이동시킬 수 있다. | 논리연산을 사용하여 조건을 만들 수 있다. | 무작위 수의 개념을 이해하고 사용할 수 있다.
584f4126cb1bff72891d519b,https://playentry.org/study/lecture/584f4126cb1bff72891d519b,[소프트웨어야 놀자] 우주탐험 게임,쉬움,기타,"우주인이 광활한 우주에서 떠다니고 있습니다. 그런데 고요한 우주에 
갑자기 별과 화성이 나타났습니다. 우주를 이리저리 휘젓고 다니는 별과 우주인을 따라오는 화성! 
이번시간에는 별과 화성을 피해 우주를 탐험하는 게임을 만들어 봅시다.",오브젝트가 마우스나 다른오브젝트를 따라다니게 만들 수 있다. | 오브젝트가 다른오브젝트에 닿았을때 작품을 정지할 수 있다. | 무작위수를 사용하여 이동속도를 무작위로 정할 수 있다.
58577064f2063b7a9eb13794,https://playentry.org/study/lecture/58577064f2063b7a9eb13794,[소프트웨어야 놀자] 두더지 잡기 게임,쉬움,기타,"푸른 벌판에 두더지가 나타났습니다! 두더지는 가만히 있지 않고 화면 이곳저곳에서 등장합니다.
잽싸게 도망가는 두더지를 잡으니 소리가 나면서 점수도 오르네요. 
이번시간에는 마우스 클릭으로 두더지를 잡는 두더지 잡기 게임을 만들어 봅시다!",오브젝트가 무작위 위치에 나타나도록 만들 수 있다. | 오브젝트를 클릭했을 때 특정 동작을 하도록 만들 수 있다. | 초시계를 활용하여 특정 시간이 지나면 게임이 끝나도록 만들 수 있다.
585899f7aaf73cf8fb1480ed,https://playentry.org/study/lecture/585899f7aaf73cf8fb1480ed,12.[기본]톤과 젤리,쉬움,기타,톤이 젤리를 잡는 게임을 만들어봅시다.,변수 생성하기 | 난수 활용하기 | 다른 오브젝트와 닿았을 때 점수 증가시키기
58589b482bf539cf4602b15d,https://playentry.org/study/lecture/58589b482bf539cf4602b15d,12.[더 나아가기]톤과 젤리,쉬움,기타,톤과 젤리 게임에 60초 시간제한 기능을 추가해봅시다.,변수 생성하기 | 난수 활용하기 | 다른 오브젝트와 닿았을 때 점수 증가시키기
5858baf490b697074121c154,https://playentry.org/study/lecture/5858baf490b697074121c154,[초급] 03. 기타를 못치는 락커_기본,쉬움,기타,말 풍선으로 말하는 기타를 못치는 락커를 만들어 봅시다.,새 오브젝트 추가하기 | 간단하게 코드 구성하기(말풍선 출력) | 작품 저장 후 말풍선 출력시켜보기
5858bbbc7f2f774cfebf9ffd,https://playentry.org/study/lecture/5858bbbc7f2f774cfebf9ffd,[초급] 03. 기타를 못치는 락커_더 나아가기,쉬움,기타,스페이스 바를 눌러 말풍선으로 7초동안 말하는 코드를 추가해봅시다.,새 오브젝트 추가하기 | 간단하게 코드 구성하기(말풍선 출력) | 작품 저장 후 말풍선 출력시켜보기
5858bcb710f42806f3185da4,https://playentry.org/study/lecture/5858bcb710f42806f3185da4,[초급] 04. 엄청난 기타연주_기본,쉬움,기타,기타 연주하는 락커를 만들어 봅시다.,오브젝트 이해하기 | 오브젝트의 모양을 바꾸는 코드 만들기 | 잘못 작성한 코드 삭제하기
5858bd948e5c92e4658015a5,https://playentry.org/study/lecture/5858bd948e5c92e4658015a5,[초급] 04. 엄청난 기타연주_더 나아가기,쉬움,기타,"락커가 아닌, 낚시왕 오브젝트를 이용해서 v키를 누를 때 마다 낚시왕이 물고기를 끌어올리는 모습을 만들어보세요.",오브젝트 이해하기 | 오브젝트의 모양을 바꾸는 코드 만들기 | 잘못 작성한 코드 삭제하기
5858bee472f2134af2d5d221,https://playentry.org/study/lecture/5858bee472f2134af2d5d221,[초급] 05.강아지 산책시키기_기본,쉬움,기타,귀여운 강아지와 산책해봅시다.,방향키를 이용해서 오브젝트의 방향 바꾸기 | 바뀐 방향으로 이동하기 | 블록 복사 & 붙여넣기
5858bfa6cf1b88070d6cdbfd,https://playentry.org/study/lecture/5858bfa6cf1b88070d6cdbfd,[초급] 05.강아지 산책시키기_더 나아가기,쉬움,기타,"방향키를 눌러 그 방향으로 20 만큼 움직이게 하되, 마치 강아지가 뛰어가는 것 처럼 동작을 만들어 봅시다.",방향키를 이용해서 오브젝트의 방향 바꾸기 | 바뀐 방향으로 이동하기 | 블록 복사 & 붙여넣기
5858c1527701d2cf7da67440,https://playentry.org/study/lecture/5858c1527701d2cf7da67440,[초급] 07. 앞뒤로 나는 독수리_기본,쉬움,기타,독수리를 앞뒤로 날게 만들어 봅시다.,두 가지 코드를 병렬적으로 동시에 실행시키기 | 벽에 닿으면 튕기기 | '만일 ~이라면' 블록을 사용하기 | 오브젝트를 화살표 방향(이동방향)으로 이동시키기 | '회전방향'을 활용하기
5858c204929133f915afbd83,https://playentry.org/study/lecture/5858c204929133f915afbd83,[초급] 08. 나는 사랑의 카멜레온_기본,쉬움,기타,마구마구 색깔이 바뀌는 카멜레온을 만들어 봅시다.,소리 추가하기 | 소리와 함께 오브젝트 재생시키기 | 오브젝트의 색 바꾸는 효과를 설정하기
5858c2a4cb1bff72891e5dba,https://playentry.org/study/lecture/5858c2a4cb1bff72891e5dba,[초급] 08. 나는 사랑의 카멜레온_더 나아가기,쉬움,기타,"카멜레온 오브젝트의 3가지 모양을 써서 색과 동시에 모양까지 변하게 만들어보세요.
소리는 '방귀 소리'로 나오게 하세요.",소리 추가하기 | 소리와 함께 오브젝트 재생시키기 | 오브젝트의 색 바꾸는 효과를 설정하기
5858c34190b697074121c2ce,https://playentry.org/study/lecture/5858c34190b697074121c2ce,[초급] 09. 스토커 엔트리봇_기본,쉬움,기타,마우스를 스토커처럼 졸졸 따라다니며 선을 그리는 엔트리봇을 만들어 봅시다.,오브젝트 크기 조정하기 | 오브젝트가 마우스를 따라오게 하기 | 오브젝트가 선을 그리게 만들기
5858c3ba72f2134af2d5d3cc,https://playentry.org/study/lecture/5858c3ba72f2134af2d5d3cc,[초급] 09. 스토커 엔트리봇_더 나아가기,쉬움,기타,"엔트리봇이 빨간색 선이 아니라, 무지개 색 선을 그리면서 마우스를 따라 오도록 만들어봅시다.",오브젝트 크기 조정하기 | 오브젝트가 마우스를 따라오게 하기 | 오브젝트가 선을 그리게 만들기
5858c45ad7e30b0727f9bb84,https://playentry.org/study/lecture/5858c45ad7e30b0727f9bb84,[초급] 10. 흰 자동차 주행시키기_기본,쉬움,기타,"흰 자동차가 가면서 뒤의 배경이 바뀌는 것을 만들어봅시다.
흰 자동차가 어던 한 배경을 다 지나면 다른 배경이 다시 나오는 것입니다.",배경 추가하고 변형시키기 | 장면을 추가하기 | 상황에 맞추어 장면을 바꾸기
5858c54b45a4484cc80af17f,https://playentry.org/study/lecture/5858c54b45a4484cc80af17f,[고급]1.주차 연습 시뮬레이션_기본,어려움,기타,엔트리를 활용하여 실제 주차 상황과 비슷하게 주차 연습 시뮬레이션 프로그램을 만들어봅시다.,화살표 이동 | 방향 | 조건 | 논리연산
5858c55f3882f0cf2c0af18f,https://playentry.org/study/lecture/5858c55f3882f0cf2c0af18f,[초급] 10. 흰 자동차 주행시키기_더 나아가기,쉬움,기타,장면 3과 4를 만들어 강아지가 뛰어가며 배경이 전환되게 만들어 봅시다.,배경 추가하고 변형시키기 | 장면을 추가하기 | 상황에 맞추어 장면을 바꾸기
5858c6012bf539cf4602bb4c,https://playentry.org/study/lecture/5858c6012bf539cf4602bb4c,[고급]2.가위 바위 보 게임_기본,어려움,기타,가위 바위 보 게임을 만들며 '수'와 '난수'를 활용해봅시다.,입출력 | 모양 | 변수 | 난수 | 조건 | 산술연산
5858c720c53029f94de7875e,https://playentry.org/study/lecture/5858c720c53029f94de7875e,[고급]3.공 던지기 : 중력 시뮬레이션_기본,어려움,기타,공을 던지는 시뮬레이션을 통해 '중력'을 표현해봅시다.,변수 | 조건 | 반복 | 병렬 프로그래밍
5858c7c8cb1bff72891e5e5c,https://playentry.org/study/lecture/5858c7c8cb1bff72891e5e5c,[고급]4.끝말 잇기 연습_기본,어려움,기타,문자열 관련 명령을 사용하여 끝말 잇기 연습 프로그램을 만들어봅시다.,입출력 | 문자열 | 변수 | 조건
5858c84deb333e6a9e175a9a,https://playentry.org/study/lecture/5858c84deb333e6a9e175a9a,"[초급]11. 가자, 우주 저 너머로!_기본",쉬움,기타,간단한 우주 에니메이션을 만들어 봅시다.,신호를 활용하여 대화 주고 받기 | 좌표를 이용하여 오브젝트 움직이기 | 부드럽게 오브젝트 크기 바꾸기
5858c87f0ee72c4b0cb52f5e,https://playentry.org/study/lecture/5858c87f0ee72c4b0cb52f5e,[고급]5.스마트폰 잠금 패턴 만들기_기본,어려움,기타,패턴에 해당하는 숫자를 리스트에 추가하며 스마트폰의 잠금 패턴을 구현해봅시다.,리스트 | 그리기 | 조건 | 반복 | 논리연산 | (공유)변수 | 병렬 프로그래밍
5858c900f43ddd6a84b96a84,https://playentry.org/study/lecture/5858c900f43ddd6a84b96a84,"[초급]11. 가자, 우주 저 너머로!_더 나아가기",쉬움,기타,"장면을 추가하여, 장면2가 끝난 후 이어지게 만들어봅시다. 
장면3 배경은 아무거나 하되,  좌표를 이용한 이동을 통해 전투기를 ㄹ 모양으로 움직이게끔 해보세요",신호를 활용하여 대화 주고 받기 | 좌표를 이용하여 오브젝트 움직이기 | 부드럽게 오브젝트 크기 바꾸기
5858c9c4b276d57aba0ea370,https://playentry.org/study/lecture/5858c9c4b276d57aba0ea370,[고급]7.엔트리런 게임 만들기_기본,어려움,기타,좌표와 복제본을 활용하여 엔트리런 게임을 만들어봅시다.,반복 | 조건 | 난수 | 변수 | 복제본
5858c9fed7c7d3e44b454955,https://playentry.org/study/lecture/5858c9fed7c7d3e44b454955,[초급] 14. 나만의 음악플레이어 만들기_기본,쉬움,기타,간단한 모습의 음악 플레이어를 만들어봅시다.,재생과 정지버튼 모양 합치기 | '연주 중' 변수와 '만일~ 아니면~'블록 같이 활용하기
5858cab07af6d6726e44c56d,https://playentry.org/study/lecture/5858cab07af6d6726e44c56d,[초급] 15. 나만의 그림판 만들기_기본,쉬움,기타,나만의 그림판을 만들어봅시다.,오브젝트가 계속 마우스를 따라오게 만들기 | 오브젝트의 중심 옮기기 | 굵기 바꾸기 | 색깔 바꾸기
5858cb133e78b8cf61ef5180,https://playentry.org/study/lecture/5858cb133e78b8cf61ef5180,[고급]9.타자 연습 게임_기본,어려움,기타,"복제본, 지역변수를 활용하여 '소나기'와 같은 타자 연습 게임을 만들어봅시다.",복제본 | 지역변수 | 리스트 | 난수 | 신호보내기 | 글상자
5858cb5290a381f933c9986a,https://playentry.org/study/lecture/5858cb5290a381f933c9986a,[초급] 15. 나만의 그림판 만들기_더 나아가기,쉬움,기타,"스페이스바를 누르면, 그렸던 그림들이 전부 지워지게 만들어봅시다.",오브젝트가 계속 마우스를 따라오게 만들기 | 오브젝트의 중심 옮기기 | 굵기 바꾸기 | 색깔 바꾸기
5858cc1c7f2f774cfebfa6ac,https://playentry.org/study/lecture/5858cc1c7f2f774cfebfa6ac,[고급]10.소수 찾기 게임_기본,어려움,기타,어떤 수가 소수인지를 판별하려면 그 수 이하의 수들로 나누며 나누어 떨어지는 수가 있는지 확인해야합니다. 이러한 원리를 적용하여 제한시간 안에 아홉 개의 무작위 수 중 소수를 모두 찾는 게임을 만들어봅시다.,리스트 | (공유)변수 | 조건 | 수리연산 | 관계연산 | 신호보내기 | 글상자
5858cc3016f5856a4f10ef83,https://playentry.org/study/lecture/5858cc3016f5856a4f10ef83,[초급] 17. 세계의 국가 수도 맞히기_기본,쉬움,기타,세계 여러 나라의 수도를 맞추는 퀴즈게임을 만들어봅시다.,글상자 활용하기 | '~를 묻고 기다리기' 블록 활용하기 | '반복 중단하기'블록 활용하기
5858ccc010f42806f31861a2,https://playentry.org/study/lecture/5858ccc010f42806f31861a2,[초급] 17. 세계의 국가 수도 맞히기_더 나아가기,쉬움,기타,"문제를 하나 더 만들어보고, 문제를 맞힐 때마다 점수가 10점씩 추가되도록 해봅시다.",글상자 활용하기 | '~를 묻고 기다리기' 블록 활용하기 | '반복 중단하기'블록 활용하기
5858cd7dd7c7d3e44b454aa7,https://playentry.org/study/lecture/5858cd7dd7c7d3e44b454aa7,[초급] 18. 달에서 공 튀기기를 즐긴다면_기본,쉬움,기타,간단한 공 튀기기를 만들어 봅시다.,마우스 x 축 따라 오브젝트 움직이기 | 무작위 수로 회전시키기 | 오브젝트 닿았을 때 소리나게 하기
5858ce0ecb1bff72891e5fdc,https://playentry.org/study/lecture/5858ce0ecb1bff72891e5fdc,[초급] 18. 달에서 공 튀기기를 즐긴다면_더 나아가,쉬움,기타,공이 막대에 닿을 때마다 공의 색이 바뀌게 만들어 봅시다.,마우스 x 축 따라 오브젝트 움직이기 | 무작위 수로 회전시키기 | 오브젝트 닿았을 때 소리나게 하기
5858cec365c9427a83f44ea1,https://playentry.org/study/lecture/5858cec365c9427a83f44ea1,[초급] 19. 우주의 탄생을 표현해보자_기본,쉬움,기타,우주의 탄생을 예쁜 선을 그리면서 예술적으로 표현해 봅시다.,"레이어 개념 이해하기 | 붓의 색깔, 굵기, 투명도를 무작위로 바꾸게 만들기"
5858cf622bf539cf4602bd42,https://playentry.org/study/lecture/5858cf622bf539cf4602bd42,[초급] 20. 무기점에 간 울버린_기본,쉬움,기타,"무기가 없는 울버린을 위해, 무기점에 간 울버린을 만들어봅시다.",좌표계를 이용한 이동 | 글상자 활용하기
5858cffb2384fa4b27788dfd,https://playentry.org/study/lecture/5858cffb2384fa4b27788dfd,[초급] 20. 무기점에 간 울버린_더 나아가기,쉬움,기타,"무기를 착용하였을 때, 무기 정보(공격력, 가격 등)를 무기가 말할 수 있도록 만들어 봅시다.",좌표계를 이용한 이동 | 글상자 활용하기
5858d098f2063b7a9eb1694d,https://playentry.org/study/lecture/5858d098f2063b7a9eb1694d,[초급] 21. 물위를 걷는 펭귄_기본,쉬움,기타,기적같이 물 위를 걷는 펭귄을 만들어봅시다.,펭귄이 계속 걷는 모양 만들기 | 배경이 펭귄 뒤로 계속 지나가게 하기
5858d1b534cfd04b425953ec,https://playentry.org/study/lecture/5858d1b534cfd04b425953ec,[초급] 21. 물위를 걷는 펭귄_더 나아가기,쉬움,기타,"펭귄이 5초동안 이동한 후 새로운 장면으로 넘어가보도록 합시다.
새로운 장면에서는 거미와 마루바닥의 오브젝트를 이용하여
마루바닥이 아래로 내려오도록 만듭니다.",펭귄이 계속 걷는 모양 만들기 | 배경이 펭귄 뒤로 계속 지나가게 하기
5858d285cb1bff72891e6055,https://playentry.org/study/lecture/5858d285cb1bff72891e6055,[초급] 22. 간단한 피아노 건반 만들기,쉬움,기타,"피아노 건반을 만들어 봅시다.
키보드의 키를 치면 소리가 나게 만들어 봅시다.",키를 누르면 건반이 떳다 사라지게 하기 | 피아노 음 추가하기
5858d35e62b5c44d18156767,https://playentry.org/study/lecture/5858d35e62b5c44d18156767,[초급] 23. 덧셈 계산 로봇 만들기_기본,쉬움,기타,간단한 덧셈을 해주는 로봇을 만들어 봅시다.,대답 블록 활용 | 덧셈 연산블록 활용
5858d3e5cf1b88070d6ce012,https://playentry.org/study/lecture/5858d3e5cf1b88070d6ce012,[초급] 23. 덧셈 계산 로봇 만들기_더 나아가기,쉬움,기타,뺄셈로봇도 만들어 봅시다.,대답 블록 활용 | 덧셈 연산블록 활용
5858d45b7f2f774cfebfa9e1,https://playentry.org/study/lecture/5858d45b7f2f774cfebfa9e1,[초급] 24. 사칙연산 로봇 만들기_기본,쉬움,기타,덧셈과 뺄셈뿐만 아니라 나눗셈과 곱셈도 할 수 있는 사칙연산 로봇을 만들어봅시다.,사칙연산 블록 활용
5858d4e890b697074121c7ba,https://playentry.org/study/lecture/5858d4e890b697074121c7ba,[초급] 31. 구구단을 외우자!_기본,쉬움,기타,구구단을 잘 외우는 엔트리봇을 만들어봅시다.,합치기 블록 활용
5858d4eaeb333e6a9e175d9e,https://playentry.org/study/lecture/5858d4eaeb333e6a9e175d9e,[초급] 31. 구구단을 외우자!_기본,쉬움,기타,구구단을 잘 외우는 엔트리봇을 만들어봅시다.,합치기 블록 활용
5858d59a62b5c44d18156821,https://playentry.org/study/lecture/5858d59a62b5c44d18156821,[초급] 26. 정다각형 그리기 프로그램_기본,쉬움,기타,알아서 정다각형을 그려주는 엔트리 작품을 만들어봅시다.,버튼 누를 때 효과 주기 | 이동방향 회전수와 정다각형 그리기의 관계
5858d59c62b5c44d18156830,https://playentry.org/study/lecture/5858d59c62b5c44d18156830,[초급] 26. 정다각형 그리기 프로그램_기본,쉬움,기타,알아서 정다각형을 그려주는 엔트리 작품을 만들어봅시다.,버튼 누를 때 효과 주기 | 이동방향 회전수와 정다각형 그리기의 관계
5858d62dc53029f94de78a19,https://playentry.org/study/lecture/5858d62dc53029f94de78a19,[초급] 27. 재생속도 바꾸기_기본,쉬움,기타,동영상의 재생속도 조절 버튼을 만들어 봅시다.,변수를 활용해서 재생속도 정하기 | 재생속도 한계 정하기
5858d7765b3665e4c036f729,https://playentry.org/study/lecture/5858d7765b3665e4c036f729,[초급] 29. 골키퍼가 되어 공을 막아라_기본,쉬움,기타,곭키퍼가 되어 공을 막는 게임을 만들어 봅시다.,마우스 위치에 따라 오브젝트 움직이기 | 물체에 닿았을 때 튕기는 현상 나타내기
5858d7dad7e30b0727f9c054,https://playentry.org/study/lecture/5858d7dad7e30b0727f9c054,[초급] 29. 골키퍼가 되어 공을 막아라_더 나아가기,쉬움,기타,"축구공의 속도를 예측할 수 없게 만들고 , 골키퍼를 키보드 방향키로 움직일 수 있게 만들어봅시다.",마우스 위치에 따라 오브젝트 움직이기 | 물체에 닿았을 때 튕기는 현상 나타내기
5858d8697701d2cf7da677b7,https://playentry.org/study/lecture/5858d8697701d2cf7da677b7,[초급] 30. 골 골 골 골을 넣어라!_기본,쉬움,기타,직접 공을 차서 넣는 선수가 되어봅시다.,이동방향과 방향의 차이 알기 | 오브젝트의 중심점
5858d8e50ee72c4b0cb5316e,https://playentry.org/study/lecture/5858d8e50ee72c4b0cb5316e,[초급] 30. 골 골 골 골을 넣어라!_더 나아가기,쉬움,기타,골키퍼의 이동방향을 예측할 수 없도록 만들어봅시다.,이동방향과 방향의 차이 알기 | 오브젝트의 중심점
5858d9645b3665e4c036f75b,https://playentry.org/study/lecture/5858d9645b3665e4c036f75b,[초급] 31. 구구단을 외우자!_기본,쉬움,기타,무작위로 나오는 구구단 문제를 맞히는 작품을 만들어 봅시다.,변수의 값을 무작위로 정하기 | 글상자 탭을 활용하여 글쓰기
5858d9d25a676872544a1de5,https://playentry.org/study/lecture/5858d9d25a676872544a1de5,[초급] 32. 점핑 점핑 에브리 바다_기본,쉬움,기타,오브젝트가 점프하며 장애물을 피하는 작품을 만들어봅시다.,배경 무한 스크롤 | 방향키와 스페이스바 자판을 이용한 점프
5858ed647f2f774cfebfad22,https://playentry.org/study/lecture/5858ed647f2f774cfebfad22,[초급] 06.충직한 강아지_기본,쉬움,기타,주인을 지키기 위해 이리저리 짖고 다니며 나쁜 사람들을 쫒아내는 강아지를 만들어봅시다.,오브젝트의 위치 바꾸기 | 움직이면서 짖게 만들기 | 일정한 간격을 두고 움직이게 만들기
5858ee06aaf73cf8fb1492c6,https://playentry.org/study/lecture/5858ee06aaf73cf8fb1492c6,[초급] 06.충직한 강아지_더 나아가기,쉬움,기타,"고양이 오브젝트를 추가하여 고양이가 고양이 소리를 내며 양 옆으로 가 아니라
위 아래로 움직이게 하는 것을 무한 반복시켜봅시다.",오브젝트 위치 바꾸기 | 움직이면서 짖게 만들기 | 일정한 간격을 두고 움직이게 만들기
5858ef31c53029f94de78baa,https://playentry.org/study/lecture/5858ef31c53029f94de78baa,[초급] 28. 숫자를 몇 번 만에 맞힐 수 있을까?,쉬움,기타,미리 정해진 숫자를 맞히는 업 & 다운 게임을 만들어 봅시다.,무작위 수를 이용하여 정답 정하기 | 조건문을 중첩하여 사용하기
585ff4e8e6fce2217d44e460,https://playentry.org/study/lecture/585ff4e8e6fce2217d44e460,엔트리봇 움직이기,쉬움,예술,"다양한 블록을 조립해 엔트리봇이 움직이도록 만들어 보세요. 
엔트리봇의 색을 변화시키거나 말을 하게 할 수도 있어요.",엔트리봇의 크기와 방향을 바꿉니다. | 엔트리봇이 말을 하도록 합니다. | 엔트리봇의 색을 알록달록하게 바꿉니다. | 엔트리봇이 화면 구석구석으로 움직이도록 합니다.
5860876072504e3368052a3f,https://playentry.org/study/lecture/5860876072504e3368052a3f,[중급]2.아니 내 새 차에 날계란이!_기본,중간,기타,자동차가 날계란을 피하는 간단한 게임을 만들어봅시다.,회전 방식과 이동방향 활용 | 무작위 생성
586087c94da555d9109eccb7,https://playentry.org/study/lecture/586087c94da555d9109eccb7,[중급]2.아니 내 새 차에 날계란이!_더 나아가기,중간,기타,달걀이 한개가 아닌 두개가 나와서 두 개중 하나라도 부딫혔을 때 게임이 끝나게 만들어봅시다.,회전 방식과 이동방향 활용 | 무작위 생성
586088582c5b08339c108a38,https://playentry.org/study/lecture/586088582c5b08339c108a38,[중급]3.느림보에도 위아래가 있다_기본,중간,기타,동물들 중에서도 가장 느림보라고 손꼽히는 두 동물의 달리기 경주를 만들어봅시다.,무작위수를 이용한 이동 | 도착 결정하기
586088b799251b048ef52556,https://playentry.org/study/lecture/586088b799251b048ef52556,[중급]3.느림보에도 위아래가 있다_더 나아가기,중간,기타,달팽이와 느림보가 벽을 찍고 누가 먼저 돌아오는지 만들어봅시다.,무작위수를 이용한 이동 | 도착 결정하기
586089c6903dec8221db59a8,https://playentry.org/study/lecture/586089c6903dec8221db59a8,[중급]5.박쥐 잡는 용_기본,중간,기타,"박쥐와 싸우는 용을 간단한 게임으로 만들어봅시다.
- 박쥐와 용이 나옵니다.
- 용은 위아래롤 움직일 수 있습니다.
- 박쥐는 무작위 위치에서 용을 향해 옵니다.
- 스페이스바를 누르면 용에서 불이 나갑니다.
- 박쥐가 불에 닿으면 5점을 얻습니다.
- 박쥐가 용에 닿으면 생명이 1 깎입니다.
- 용이 박쥐를 피하면 1점을 얻습니다.
- 생명이 0이 되면 게임이 끝납니다.",피하기 게임 만들기 | 오브젝트 쏘기
58608a2c9e065dd92a9c1d95,https://playentry.org/study/lecture/58608a2c9e065dd92a9c1d95,[중급]6.복불복 게임 만들기_기본,중간,기타,"벌칙을 정하거나, 청소당번을 정하기에 쓸 수 있는 복불복 게임을 만들어봅시다.",리스트를 만들고 활용하기 | 리스트 초기화하기
58608b3d410bfc827008f067,https://playentry.org/study/lecture/58608b3d410bfc827008f067,[중급]9.플래피버드 따라하기_기본,중간,기타,"""플래피버드""게임을 따라서 만들어봅시다.",간단한 중력 구현하기 | 복제 활용하기
58608bf95460124fa9a3d88a,https://playentry.org/study/lecture/58608bf95460124fa9a3d88a,[중급]11.원주율을 정말 구해본 적 있어?_기본,중간,기타,엔트리를 이용해 직접 원주율을 구해봅시다.,원주율 이해 | 복제본 활용 | [~까지의 거리] 블록 활용
58608d064da555d9109ece3a,https://playentry.org/study/lecture/58608d064da555d9109ece3a,[중급]13.카레이서가 되어보자!_기본,중간,기타,엔트리를 이용하여 직접 카레이서가 되어 경주를 펼쳐봅시다.,제한시간 설정하기 | 장면 전환하기 | 키보드 자판을 이용하여 자동차의 속도와 방향 전환하기
5861c9eb08f3854f754f52fb,https://playentry.org/study/lecture/5861c9eb08f3854f754f52fb,[소프트웨어야 놀자] 야구공 맞히기 게임,쉬움,기타,"여기는 잠실 야구구장입니다. 투수는 멀리서 공을 던질 준비를 하고 있습니다.
곧 빠른 속도로 공이 날아옵니다! 타자는 과연 공을 칠 수 있을까요?
이번시간에는 마우스 클릭으로 야구공을 맞히는 게임을 만들어 봅시다!",오브젝트를 클릭했을때 특정한 행동을 하게 할 수 있다. | 오브젝트를 무작위 위치로 이동시킬 수 있다. | 선택구조와 변수를 활용하여 점수 기능과 조건에 따라 다른 행동을 하게 만들 수 있다.
5861ca82b5a6f3ce8289e868,https://playentry.org/study/lecture/5861ca82b5a6f3ce8289e868,[소프트웨어야 놀자] 야구공 맞히기 게임,쉬움,기타,"여기는 잠실 야구구장입니다. 투수는 멀리서 공을 던질 준비를 하고 있습니다.
곧 빠른 속도로 공이 날아옵니다! 타자는 과연 공을 칠 수 있을까요?
이번시간에는 마우스 클릭으로 야구공을 맞히는 게임을 만들어 봅시다!",오브젝트를 클릭했을때 특정한 행동을 하게 할 수 있다. | 오브젝트를 무작위 위치로 이동시킬 수 있다. | 조건구조와 변수를 활용하여 점수 기능과 조건에 따라 다른 행동을 하게 만들 수 있다.
5861d12cee35f5ce9cda2c3f,https://playentry.org/study/lecture/5861d12cee35f5ce9cda2c3f,ㄹㄴㅇ,쉬움,기타,ㅁㅇㄹ,ㅁㅇㄹ
5861d1a9b5a6f3ce8289e9ec,https://playentry.org/study/lecture/5861d1a9b5a6f3ce8289e9ec,[소프트웨어야 놀자] 야구공 맞히기 게임,쉬움,기타,"여기는 잠실 야구구장입니다. 투수는 멀리서 공을 던질 준비를 하고 있습니다.
곧 빠른 속도로 공이 날아옵니다! 타자는 과연 공을 칠 수 있을까요?
이번시간에는 마우스 클릭으로 야구공을 맞히는 게임을 만들어 봅시다!",오브젝트를 클릭했을때 특정한 행동을 하게 할 수 있다. | 오브젝트를 무작위 위치로 이동시킬 수 있다. | 조건구조와 변수를 활용하여 점수 기능과 조건에 따라 다른 행동을 하게 만들 수 있다.
5861d20e72504e3368054be8,https://playentry.org/study/lecture/5861d20e72504e3368054be8,[소프트웨어야 놀자] 야구공 맞히기 게임,쉬움,기타,"여기는 잠실 야구구장입니다. 투수는 멀리서 공을 던질 준비를 하고 있습니다.
곧 빠른 속도로 공이 날아옵니다! 타자는 과연 공을 칠 수 있을까요?
이번시간에는 마우스 클릭으로 야구공을 맞히는 게임을 만들어 봅시다!",오브젝트를 클릭했을때 특정한 행동을 하게 할 수 있다. | 오브젝트를 무작위 위치로 이동시킬 수 있다. | 조건구조와 변수를 활용하여 점수 기능과 조건에 따라 다른 행동을 하게 만들 수 있다.
5861d46fe40874630b5f4d33,https://playentry.org/study/lecture/5861d46fe40874630b5f4d33,12,쉬움,기타,1,1
5861d4ff35e490ef3eb5eca9,https://playentry.org/study/lecture/5861d4ff35e490ef3eb5eca9,123,쉬움,기타,3123,12
586369087fc6bab7ae32774e,https://playentry.org/study/lecture/586369087fc6bab7ae32774e,[중급]1.사진 슬라이드 만들기_기본,중간,기타,사진 슬라이드를 만들어봅시다.,차례가기 | 돌아가기
58636b4c72504e3368058648,https://playentry.org/study/lecture/58636b4c72504e3368058648,[중급]10.무작위가 진짜 무작위 맞아?_기본,중간,기타,무작위가 정말 무작위인지 확인해봅시다.,확률 계산 | 반올림값 활용
58646702b5a6f3ce828a72ce,https://playentry.org/study/lecture/58646702b5a6f3ce828a72ce,"[중급]7.함수, 너란 녀석은...(1)_기본",중간,기타,블록탭 구석에 짱박혀 있는 정체모를 이 기능이 뭘 하는 기능인지 알아봅시다.,함수의 기능 익히기
58646fe50c3d924f8f1c5ac5,https://playentry.org/study/lecture/58646fe50c3d924f8f1c5ac5,[중급]4.갈림길에 선 탐험가_기본,중간,기타,갈림길에서 길을 선택해야 하는 탐험가를 만들어봅시다. 어떤 길로 가야 보물상자가 나올지는 매번 바뀌고 잘못된 길로 갔을 때에는 호랑이가 나오게 만들어봅시다.,두개 이상의 변수 활용하기 | 무작위로 결정되는 게임 만들기
5864705fef9c04ce68c8c043,https://playentry.org/study/lecture/5864705fef9c04ce68c8c043,"[중급]8.함수, 너란 녀석은...(2)_기본",중간,기타,블록탭 구석에 짱박혀 있는 정체모를 이 기능이 뭘 하는 기능인지 알아봅시다.,함수의 기능 익히기
586470e299251b048ef5dda3,https://playentry.org/study/lecture/586470e299251b048ef5dda3,[중급]12.사냥터에 간 사무라이_기본,중간,기타,힘과 높이를 이용하여 동물을 잡는 프로젝트를 만들어봅시다.,버튼을 이용하여 변수 값 조절하기 | 신호를 통해 공격 지시 내리기
58647131329f0904595a5bb0,https://playentry.org/study/lecture/58647131329f0904595a5bb0,[중급]12.사냥터에 간 사무라이_더 나아가기,중간,기타,박쥐 뿐만 아니라 도끼에 닿을 때마다 다양한 동물이 나오게 해봅시다.,버튼을 이용하여 변수 값 조절하기 | 신호를 통해 공격 지시 내리기
58648089b35b640a14137f9f,https://playentry.org/study/lecture/58648089b35b640a14137f9f,"[초급]11. 가자, 우주 저 너머로!_기본",쉬움,기타,간단한 우주 에니메이션을 만들어 봅시다.,신호를 활용하여 대화 주고 받기 | 좌표를 이용하여 오브젝트 움직이기 | 부드럽게 오브젝트 크기 바꾸기
586481059e18fc3881b65303,https://playentry.org/study/lecture/586481059e18fc3881b65303,"[초급]11. 가자, 우주 저 너머로!_더 나아가기",쉬움,기타,"장면을 추가하여, 장면2가 끝난 후 이어지게 만들어봅시다. 
장면3 배경은 아무거나 하되, 좌표를 이용한 이동을 통해 전투기를 ㄹ 모양으로 움직이게끔 해보세요.",신호를 활용하여 대화 주고 받기 | 좌표를 이용하여 오브젝트 움직이기 | 부드럽게 오브젝트 크기 바꾸기
586481868ff8c23866b0dccd,https://playentry.org/study/lecture/586481868ff8c23866b0dccd,[초급]12. 톤과 젤리_기본,쉬움,기타,톤이 젤리를 잡는 게임을 만들어봅시다.,변수 생성하기 | 난수 활용하기 | 다른 오브젝트와 닿았을 때 점수 증가시키기
5864820a94e1657c54932c46,https://playentry.org/study/lecture/5864820a94e1657c54932c46,[초급]12. 톤과 젤리_더 나아가기,쉬움,기타,톤과 젤리 게임에 60초 시간제한 기능을 추가해봅시다.,변수 생성하기 | 난수 활용하기 | 다른 오브젝트와 닿았을 때 점수 증가시키기
586482fd0331a809decba9ac,https://playentry.org/study/lecture/586482fd0331a809decba9ac,[초급] 23. 덧셈 계산로봇 만들기_기본,쉬움,기타,간단한 덧셈을 해주는 로봇을 만들어 봅시다.,대답 블록 활용 | 덧셈 연산블록 활용
5864834dfafdefab254ca4e2,https://playentry.org/study/lecture/5864834dfafdefab254ca4e2,[초급] 23. 덧셈 계산로봇 만들기_더 나아가기,쉬움,기타,뺄셈로봇도 만들어 봅시다.,대답 블록 활용 | 덧셈 연산블록 활용
5864909965d9a5f85a551f32,https://playentry.org/study/lecture/5864909965d9a5f85a551f32,[초급] 24. 사칙연산 로봇 만들기_기본,쉬움,기타,덧셈과 뺄셈뿐만 아니라 나눗셈과 곱셈도 할 수 있는 사칙연산 로봇을 만들어봅시다.,사칙연산 블록 활용
586490e394e1657c54932db7,https://playentry.org/study/lecture/586490e394e1657c54932db7,[초급] 26. 정다격형 그리기 프로그램_기본,쉬움,기타,알아서 정다각형을 그려주는 엔트리 작품을 만들어봅시다.,버튼 누를 때 효과 주기 | 이동방향 회전수와 정다각형 그리기의 관계
5869bb9ba9b537902085afc2,https://playentry.org/study/lecture/5869bb9ba9b537902085afc2,[고급]6.단어 암기 앱 만들기_기본,어려움,기타,리스트와 무작위의 개념을 활용하여 나만의 단어 암기 앱을 만들어봅시다.,리스트 | 난수 | 신호보내기 | 글상자
5869fc9894e1657c5493a8aa,https://playentry.org/study/lecture/5869fc9894e1657c5493a8aa,[고급]8.성적 평균 계산기_기본,어려움,기타,리스트와 변수를 활용하여 성적 평균 계산기를 만들어봅시다.,리스트 | 변수 | 반복 | 조건 | 수리연산
586b064bf663296c7c052086,https://playentry.org/study/lecture/586b064bf663296c7c052086,[소프트웨어야 놀자] 레이싱 게임,쉬움,기타,"3..2..1 출발! 시작과 함께 돌진하던 자동차는 코너에서 속도를 줄이다가 벽에 부딪히고 맙니다.
곧이어 자동차는 다시 속도를 높이며 직진코스에 진입합니다. 과연 깃발까지
무사히 도착할 수 있을까요? 이번시간에는 키보드로 하는 레이싱 게임을 만들어 봅시다!","키보드로 오브젝트를 회전시킬 수 있다. | 키보드로 변수의 값을 변경시킬 수 있다. | 오브젝트가 키보드를 눌렀을 때, ~에 닿았을 때 특정 행동을 하게 할 수 있다."
586b5fe8a5c8d34ba2251df7,https://playentry.org/study/lecture/586b5fe8a5c8d34ba2251df7,전자 피아노 만들기,쉬움,기타,마우스로 피아노 건반을 눌러 음악을 연주해보세요!,명령을 차례대로 실행하는 순차에 대해 알아봅시다. | 특정 상황에서 명령을 실행시키는 이벤트에 대해 알아봅시다.
586c4be5a5c8d34ba2252fbf,https://playentry.org/study/lecture/586c4be5a5c8d34ba2252fbf,[초급] 20. 무기점에 간 해적_기본,쉬움,기타,무기점에 간 해적이 무기를 사용할 수 있도록 엔트리로 만들어봐요,좌표계를 이용한 이동 | 글상자 활용하기
586c4c555703604b885bfe76,https://playentry.org/study/lecture/586c4c555703604b885bfe76,[초급] 20. 무기점에 간 해적_더 나아가기,쉬움,기타,"해적이 무기를 착용하였을 때, 무기 정보(공격력, 가격 등)를 무기가 말할 수 있도록 만들어 보아요.",좌표계를 이용한 이동 | 글상자 활용하기
586c53b99000bd6c62e23db5,https://playentry.org/study/lecture/586c53b99000bd6c62e23db5,[초급] 25. 구구단을 외우는 엔트리봇_기본,쉬움,기타,구구단을 외우는 엔트리 봇을 만들어봅시다.,합치기 블록 활용
586c58536b8e8d21f42b015d,https://playentry.org/study/lecture/586c58536b8e8d21f42b015d,[초급] 32. 점핑 점핑 에브리 바디_기본,쉬움,기타,오브젝트가 점프하며 장애물을 피하는 작품을 만들어 봅시다.,배경 무한 스크롤 | 방향키와 스페이스바 자판을 이용한 점프
586c6077076231d29300a6ad,https://playentry.org/study/lecture/586c6077076231d29300a6ad,01.[순차] 멍멍이와 야옹이가 인사해요,쉬움,기타,"학교에서 친구들과 종이접기를 해본 경험이 있나요? 종이접기 책을 보며 순서에 따라 차근차근 결과물을 완성해나갑니다. 이렇듯 순서대로 차례대로 진행되는 개념을 ‘순차’라고 합니다. 
이번 시간에는 순차 개념을 통해 강아지와 고양이를 대화시켜봅시다.",멍이와 냥이의 블록이 각각 동시에 실행됨을 알고 ‘기다리기’ 블록을 이용하여 대화를 구현할 수 있다. | 시간의 순서를 고려하여 자신만의 프로젝트를 제작할 수 있다.
586c611f2b8a8e4b6d990e31,https://playentry.org/study/lecture/586c611f2b8a8e4b6d990e31,02.[반복] 꽃잎 한 장으로 꽃송이를 만들어요,쉬움,기타,"지난 시간에는 순차에 대해 배워보았다면 이번 시간에는 ‘반복’ 개념에 대해 알아봅시다.
길을 걷다가 길가에서 예쁜 꽃들을 본적이 있나요? 똑같은 모양의 꽃잎들이 가운데를 중심으로 반복되어 붙어 있는 것을 볼 수 있습니다.
이번 시간에는 반복 개념을 통해 예쁜 꽃을 만들어봅시다. 그럼 엔트리를 통해 ‘반복’을 배워볼까요?",반복적인 블록을 ‘반복하기’블록으로 간단히 정리할 수 있다. | 회전각도와 반복하기 횟수를 조절하여 다양한 모양의 꽃송이를 만들 수 있다.
586c63193a81a24b528e7689,https://playentry.org/study/lecture/586c63193a81a24b528e7689,05.[변수] 팔 벌려 뛰기 횟수를 세어봐요,중간,기타,"소년이 팔 벌려 뛰기를 하며 운동을 하려 합니다. 다양한 오브젝트의 모양들을 바꿔보며 팔 벌려 뛰기를 표현해봅시다. 
팔 벌려 뛰기의 횟수는 어떻게 표현할 수 있을까요? ‘변수’를 활용하여 소년의 팔 벌려 뛰기 횟수를 세어볼까요?",모양 바꾸기로 팔 벌려 뛰기를 표현할 수 있다. | 변수의 필요성을 알고 이를 통해 횟수를 셀 수 있다.
586c6480a5c8d34ba2253a0d,https://playentry.org/study/lecture/586c6480a5c8d34ba2253a0d,06.[입출력] 암호를 입력해 보물상자를 열어요,중간,기타,"집에 들어갈 때 열쇠 대신 사용하는 전자 도어락의 원리가 궁금하지 않나요?
보물상자에 암호장치를 설계해보며 이번 시간 중요한 개념인 ‘입출력’을 통해 전자 도어락이 어떠한 원리로 작동하는지 알아봅시다.",묻고 대답 기다리기를 통해 입력과 출력을 알 수 있다. | 소리와 모양을 추가하여 작품을 더욱 재미있게 꾸밀 수 있다.
586c65eb7429d569e22baca6,https://playentry.org/study/lecture/586c65eb7429d569e22baca6,07.[종합] 두더지 게임을 만들어요,어려움,기타,"오락실에서 한번쯤은 해보았던 추억의 두더지 게임입니다. 뿅망치로 두더지를 때리면 점수를 획득하는 게임입니다. 
지난 시간에 배운 ‘순차’, ‘반복’, ‘선택’, ‘신호’, ‘변수’를 사용하여 재미있는 두더지 게임을 만들어봅시다.","앞에서 배운 ‘순차’, ‘반복’, ‘선택’, ‘신호’, ‘변수’, ‘입출력’을 활용하여 재미있는 두더지 게임을 만들어봅시다."
58735665afda4e7ab162ba50,https://playentry.org/study/lecture/58735665afda4e7ab162ba50,[소프트웨어야 놀자] 농장탈출 게임,쉬움,기타,"동물농장에 잡혀온 미어캣이 탈출을 하려고 합니다. 경계서는 동물들의 눈에 띄지 않게 
움직이고 있는 미어캣! 그런데 부엉이가 도망가는 미어캣을 발견하곤 따라오기 시작했습니다.
과연 미어캣은 농장을 무사히 탈출할 수 있을까요? 
이번시간에는 감시하는 동물들을 피해 농장을 탈출하는 게임을 만들어 봅시다!",키보드로 오브젝트를 움직일 수 있다. | 오브젝트가 다른 오브젝트에 닿았을 때 변화를 줄 수 있다. | 논리연산을 사용할 수 있다.
587c86a2ed3e98546ef4eed1,https://playentry.org/study/lecture/587c86a2ed3e98546ef4eed1,[소프트웨어야 놀자] 핑퐁 게임,쉬움,기타,"하늘 높이 솟은 공이 아래로 떨어지려고 합니다. 잽싸게 내려오는 공을 받으니
다시 공이 올라가고 튕겨서 내려옵니다. 과연 공을 몇 번이나 받을 수 있을까요?
이번시간에는 마우스로 공을 튕기게 하는 핑퐁 게임을 만들어 봅시다!","마우스로 오브젝트를 움직일 수 있다. | 논리연산을 사용하여 코드를 간결하게 만들 수 있다. | 변수와 초시계를 사용하여 정보를 저장, 사용할 수 있다."
5886e5e5ca550c58d772a799,https://playentry.org/study/lecture/5886e5e5ca550c58d772a799,[소프트웨어야 놀자] 동전클릭 게임,쉬움,기타,"새해가 되었으니 용돈을 올려달라고 말하는 아이가 있습니다.
아빠는 동전클릭 게임을 해서 획득한 점수를 용돈으로 정하겠다는 제안을 합니다.
과연 아이는 얼마만큼의 용돈을 얻을 수 있을까요? 
이번시간에는 마우스 클릭으로 용돈을 얻는 동전클릭 게임을 만들어 봅시다!",오브젝트를 무작위 위치로 이동시킬 수 있다. | 오브젝트를 클릭했을때 소리를 재생하고 변수값을 더할 수 있다. | 선택구조를 활용하여 제한시간 기능을 만들 수 있다.
589197d759df7902c4d56036,https://playentry.org/study/lecture/589197d759df7902c4d56036,[소프트웨어야 놀자] 도형패턴 그리기,쉬움,기타,#NAME?,키보드키를 눌렀을때 특정 행동을 하게 할 수 있다. | 움직이기와 회전하기 블록으로 삼각형과 사각형을 그릴 수 있다. | 반복구조를 사용하여 반복되는 코드를 간단하게 작성할 수 있다.
5892ce53a518d01fe4a17d18,https://playentry.org/study/lecture/5892ce53a518d01fe4a17d18,초급_핑퐁게임 만들기,쉬움,게임,"▶ 무엇을 만들어 볼까?
마우스로 판을 움직여 공을 튕기게 하는 핑퐁게임을 만들어 봅시다.

▶ 작품 살펴보기
1. 마우스로 판을 움직여 봅시다.
2. 공이 내려오면 판으로 공을 받아 봅시다.
3. 공이 화면 아래에 닿게 해 봅시다.
4. 15초 동안 게임을 해 봅시다.",변수를 이용하여 점수가 있는 게임을 만들 수 있다. | 반복과 선택구조로 시간제한이 있는 게임을 만들 수 있다. | 반복과 선택구조로 특정조건에서 오브젝트의 움직임에 변화를 줄 수 있다. | 비교연산을 활용하여 두 값을 비교할 수 있다.
5892d143617d2d7b9e3f24dc,https://playentry.org/study/lecture/5892d143617d2d7b9e3f24dc,[과학] 자동 속력 측정기를 만들어요,중간,기타,"생활 속에서 우리는 다양한 속력들을 비교하며 살아간다. 운동회에서 달리기로 속력을 겨루기도 하고, 버스, 자동차, 비행기의 속력과 비용을 고려하여 목적지까지 갈 교통수단을 고르기도 한다. 이렇게 속력을 정성적으로 비교하는 경우가 대부분이지만, 때로는 서로 다른 시간 다른 곳에 있는 물체의 속력을 정확히 측정해야 하는 경우도 있다. 고속도로에서는 무인 속도 측정기와 구간 속도 측정기의 두 가지 방법으로 속도를 측정하여 도로 교통질서를 관리하고 있다. 이 단원에서는 우리 주변 물체의 속력을 자동으로 측정해주는 장치를 만들어봄으로써 실생활의 문제를 해결해보는 경험을 하도록 한다.",피지컬 컴퓨팅 도구를 이용하여 속력 측정 장치를 설계할 수 있다. | 타이머와 변수를 활용하여 속력을 구하는 프로그램을 설계할 수 있다. | 만든 프로그램을 활용하여 실생활 문제를 해결할 수 있다.
5893e5758042c9bebd5eb5c9,https://playentry.org/study/lecture/5893e5758042c9bebd5eb5c9,[과학]회로 연결에 따라 전구의 밝기가 달라져요_new,중간,1시간 이상기타,"우리가 하는 과학 실험에는 예상치 못한 변수가 많다. 그 때문에 실제 실험으로 얻어진 데이터와 이론값에는 오차가 있기 마련이다. 또한 과학 실험에는 많은 제약이 존재한다. 실험장비와 실험 물질, 환경이 갖춰지지 않아 실험을 진행하지 못하는 경우도 많다. 또한 결과를 전혀 예측할 수 없는 실험의 경우 안정성의 문제도 무시하지 못한다. 이러한 이유들로 과학자들은 여러 가지 실험에 대해 컴퓨터 시뮬레이션을 한다. 컴퓨터 시뮬레이션을 통한 과학 실험은 안전하고, 이론에 가까우며, 인간이 예상하거나 처리할 수 없는 영역의 실험까지도 가능하도록 해준다. 이번 단원에서는 전구와 전지를 직렬로 연결할 때 전구의 밝기를 다르게 나타내주는 시뮬레이션을 만들어보면서 컴퓨팅 사고력을 향상시키도록 한다.",전구와 전지의 직렬연결 시뮬레이션 프로그램을 설계할 수 있다. | 변수와 복제본을 활용하여 전기 회로 프로그램을 만들 수 있다. | 만든 프로그램으로 전기회로와 관련된 실험을 시뮬레이션 할 수 있다.
5893e77a4af4057b32243e7d,https://playentry.org/study/lecture/5893e77a4af4057b32243e7d,(교과)_[수학]그림그래프를 그려 보아요,중간,기타,그림그래프는 자료의 크기를 직관적으로 쉽게 보여주기 때문에 우리 생활 속에 많이 활용되고 있다. 그러나 이러한 그림그래프를 손으로 그리려면 같은 그림을 여러 번 그려야 하기 때문에 많은 시간과 노력이 소요된다. 그 때문에 그림그래프는 컴퓨터 프로그램을 통해 그리는 것이 일반적이다. 그림그래프를 그리는 것을 프로그램으로 만들어두면 상황에 따라 그림의 모양과 숫자만 변경하여 간단히 다양한 그림그래프를 만들 수 있을 것이다. 이번 단원에서는 그림그래프를 그려주는 프로그램을 만들며 수리연산을 활용하여 소프트웨어를 만들어 수학적 문제들을 해결해 봄으로써 컴퓨팅 사고력을 신장시키도록 한다.,그림그래프를 그려주는 프로그램을 설계할 수 있다. | 반복과 수리연산을 활용하여 그림그래프 프로그램을 만들 수 있다. | 만든 프로그램을 활용하여 다양한 그림그래프를 그릴 수 있다.
589bf65657e32c7c25d622c1,https://playentry.org/study/lecture/589bf65657e32c7c25d622c1,"[고고! 3-4학년 초급]6.안녕,엔트리_기본",쉬움,기타,엔트리봇이 말풍선으로 자기소개를 하게 해 봅시다.,엔트리 ‘만들기’ 화면 구성과 주요 용어를 알 수 있다. | 오브젝트가 말풍선으로 자기소개를 하도록 만들 수 있다.
589bf6af4fb4d34fafa05a2c,https://playentry.org/study/lecture/589bf6af4fb4d34fafa05a2c,"[고고! 3-4학년 초급]6.안녕,엔트리_더 나아가기",쉬움,기타,엔트리봇이 말풍선으로 자기소개를 하게 해 봅시다.,‘~를 ~초 동안 말하기’블록을 사용하여 자기소개 프로그램을 만듭니다. | 다양한 블록들을 사이사이에 끼워 넣으며 실행 결과를 확인해봅시다.
589bf75f2bd91f8b765757d0,https://playentry.org/study/lecture/589bf75f2bd91f8b765757d0,[고고!3-4초급]7.멍멍이와 야옹이의 대화_기본,쉬움,기타,멍멍이와 야옹이가 번갈아 가며 대화 하는 실행화면을 만들어 봅시다.,각각의 오브젝트에 조립한 블록이 각각 동시에 실행됨을 알고 ‘기다리기’ 블록을 이용하여 대화를 구현할 수 있다. | 시간의 순서를 고려하여 여러 오브젝트의 대화 애니메이션을 만들 수 있다.
589bfbb819056220165d2b5b,https://playentry.org/study/lecture/589bfbb819056220165d2b5b,[고고!3-4초급]7.멍멍이와야옹이의대화_더나아가기,쉬움,기타,번갈아 가며 대화 하는 실행화면을 만들어 봅시다.,실제 친구와 있었던 재미있는 대화 내용을 짧게 구성합니다. | 오브젝트들이 동시에 말하지 않아야 합니다.
589bfc247c2b2a6054313822,https://playentry.org/study/lecture/589bfc247c2b2a6054313822,[고고!3-4초급]8.전자피아노_기본,쉬움,기타,키보드를 이용하여 전자피아노를 만들어 봅시다. 키보드를 누를 때마다 알맞은 소리를 내어 보고 직접 연주를 해봅시다.,각각의 오브젝트에 소리를 추가하여 재생할 수 있다. | 키보드의 키를 눌러 피아노 연주를 할 수 있는 작품을 만들 수 있다.
589bfc804f5d561321c50ef6,https://playentry.org/study/lecture/589bfc804f5d561321c50ef6,[고고!3-4초급]8.전자피아노_더나아가기,쉬움,기타,키보드를 누를 때마다 알맞은 소리를 내어 보고 직접 연주를 해봅시다.,‘0.2초 기다리기’블록을 사용할 필요가 없도록 ‘소리 ~를 재생하고 기다리기’블록을 이용해봅시다. | ‘스페이스’ 키를 누르면 드럼 소리를 낼 수 있도록 한다. | 숫자 1을 누르면 도부터 다음 높은 도까지 차례대로 소리가 날 수 있도록 한다.
589bfcd68a3ad47ba47ab492,https://playentry.org/study/lecture/589bfcd68a3ad47ba47ab492,[고고!3-4초급]9.방향키로강아지산책시키기_기본,쉬움,기타,키보드 방향키로 강아지를 움직여봅시다. 강아지가 가는 방향을 바라보고 달려가는 애니메이션을 만들어봅시다.,키보드 방향키로 오브젝트를 움직이는 코드를 만들 수 있다. | [모양]탭의 여러 가지 모양을 활용하여 강아지가 걷는 모습을 표현할 수 있다.
589bfd5c3cff391f762bc416,https://playentry.org/study/lecture/589bfd5c3cff391f762bc416,[고고!3-4초급]9.방향키로강아지산책시키기_더나아가기,쉬움,기타,키보드 방향키로 강아지와 고양이를 움직여봅시다.,‘스페이스’ 키를 누르면 강아지가 짖는 소리를 낸다. | 강아지가 해당 방향을 바라보지 않고 네 방향으로 이동하도록 한다. | 캐릭터를 하나 추가하여 2인용 게임처럼 adws키로 이동시키도록 한다.
589bfdf82ff94605eac74550,https://playentry.org/study/lecture/589bfdf82ff94605eac74550,[고고!3-4초급]10.스탬프아트_기본,쉬움,기타,좋아하는 그림을 도장처럼 화면에 찍어봅시다. 좋아하는 그림의 오브젝트를 추가하고 마우스를 클릭할때마다 도장이 찍히는 프로그램을 만들어봅시다. 또한 키보드를 이용하여 그림을 크게 또는 작게 만들어보고 다른 그림을 선택해보도록 만들어봅시다.,"하나의 오브젝트에 다양한 모양 추가하기 | 오브젝트가 마우스를 따라다니도록 하고, 마우스를 클릭하면 화면에 도장이 찍히도록 하기 | 키보드 키를 활용하여 오브젝트의 모양이나 크기를 바꿀 수 있도록 하기"
589bfe49e89f971306ae2385,https://playentry.org/study/lecture/589bfe49e89f971306ae2385,[고고!3-4초급]10.스탬프아트_더나아가기,쉬움,기타,좋아하는 그림을 도장처럼 화면에 찍어봅시다. 좋아하는 그림의 오브젝트를 추가하고 마우스를 클릭할때마다 도장이 찍히는 프로그램을 만들어봅시다. 또한 키보드를 이용하여 그림을 크게 또는 작게 만들어보고 다른 그림을 선택해보도록 만들어봅시다.,오브젝트를 키보드 방향키를 이용하여 움직여 보도록 한다. | 키보드 q를 누르면 모든 그림이 없어지도록 한다. | 키보드 1~9의 숫자를 이용하여 원하는 그림을 숫자로 고를 수 있도록 한다.
589bff01be1fed29346dec50,https://playentry.org/study/lecture/589bff01be1fed29346dec50,[고고!3-4초급]11.꽃잎 한장으로 꽃송이만들기_기본,쉬움,기타,꽃잎 오브젝트를 도장찍기와 회전시키기 블록을 활용하여 꽃송이로 만들어 봅시다.,반복되는 명령을 ‘~번 반복하기’ 블록으로 간단히 만들 수 있다. | 회전각도와 반복하기 횟수를 조절하여 다양한 모양의 꽃송이를 만들 수 있다. | 여러 가지 효과를 통해 나만의 꽃송이를 만들 수 있다.
589bff5f8a3ad47ba47ab4d8,https://playentry.org/study/lecture/589bff5f8a3ad47ba47ab4d8,[고고3-4초급]11.꽃잎한장으로꽃송이만들기_더나아가기,쉬움,기타,꽃잎 오브젝트를 도장찍기와 회전시키기 블록을 활용하여 꽃송이로 만들어 봅시다.,꽃잎의 수가 8개 이상이 되도록 합니다. | 꽃잎의 필요한 횟수만큼만 회전하여 중복적으로 도장이 찍히지 않아야 합니다.
589bffe51b71ed05cfcc8c82,https://playentry.org/study/lecture/589bffe51b71ed05cfcc8c82,[고고!3-4초급]12.무기점에간해적_기본,쉬움,기타,무기가 필요한 해적에게 무기를 골라주는 프로그램을 만들어 봅시다. 무기를 마우스로 클릭하면 장착할 수 있고 키보드 스페이스바를 누르면 장착한 무기를 해제할 수 있도록 프로그램을 만들어 봅시다.,실행화면의 좌표를 이용하여 오브젝트를 원하는 위치로 옮길 수 있다. | 오브젝트 정보에 있는 좌표를 이용해 오브젝트를 원래 위치로 옮길 수 있다.
589c0033395ab78b4268fd2d,https://playentry.org/study/lecture/589c0033395ab78b4268fd2d,[고고!3-4초급]12.무기점에간해적_더나아가기,쉬움,기타,무기가 필요한 해적에게 무기를 골라주는 프로그램을 만들어 봅시다.,무기가 아닌 방패 오브젝트를 추가한다. | 모자 오브젝트를 추가하여 모자를 클릭하면 해적 머리에 모자가 놓여 지도록 만들어 본다. | 키보드 q를 누르면 화면에 놓아져 있는 모든 무기들이 해적 에게 위치하도록 만들어본다.
589c007a8a3ad47ba47ab512,https://playentry.org/study/lecture/589c007a8a3ad47ba47ab512,[고고!3-4초급]13.나만의그림판만들기_기본,쉬움,기타,"마우스로 연필을 움직여 그림을 그릴 수 있고,   지우개를 클릭하면 지울 수도 있는 그림판을 완성해 봅시다.",신호를 만들어 오브젝트 간에 약속된 신호를 주고 받는 작품을 만들 수 있다. | 신호를 활용하여 그림판 의 다양한 기능을 만들 수 있다.
589c00c4b7e56829a0c6f66f,https://playentry.org/study/lecture/589c00c4b7e56829a0c6f66f,[고고!3-4초급]13.나만의그림판만들기_더나아가기,쉬움,기타,"마우스로 연필을 움직여 그림을 그릴 수 있고,   지우개를 클릭하면 지울 수도 있는 그림판을 완성해 봅시다.",물감 오브젝트를 클릭하면 붓의 색이 바뀌도록 합니다. | 화살표 오브젝트를 클릭하면 붓의 굵기가 굵어지도록 합니다. | 큰별(노랑) 오브젝트를 클릭하면 붓이 반투명해지도록 합니다.
589c015b3cff391f762bc490,https://playentry.org/study/lecture/589c015b3cff391f762bc490,[고고!3-4초급]14.고슴도치이야기_기본,쉬움,기타,고슴도치 이야기를 만들어봅시다. 이야기에 등장하는 오브젝트들을 추가해보고 고슴도치 이야기를 말해줄 글상자를 만들고 내용을 추가하여 고슴도치 이야기를 완성해봅시다.,글상자를 만들고 이야기를 쓸 수 있다. | 신호를 활용하여 오브젝트 간에 신호를 주고받을 수 있다.
589c01a9297fff1fe1aea415,https://playentry.org/study/lecture/589c01a9297fff1fe1aea415,[고고!3-4초급]14.고슴도치이야기_더나아가기,쉬움,기타,고슴도치 이야기를 만들어봅시다.,게가 다가오면 고슴도치가 “고마워”라고 말할 수 있도록 한다. | '미안한 원숭이’신호를 만들고 신호를 받았을 때 원숭이가 다시 나와 ‘미안해’라고 말할 수 있도록 한다. | 고슴도치가 아닌 다른 오브젝트를 주인공으로 한 새로운 동화를 만들어 보도록 한다.
589c20004fb4d34fafa0684a,https://playentry.org/study/lecture/589c20004fb4d34fafa0684a,[고고!3-4중급]2.로켓발사_기본,중간,기타,신호를 사용하여 로켓을 발사해보고 장면을 추가하여 장면을 이어봅시다.,신호를 만들어 오브젝트간 대화를 주고받도록 할 수 있다. | 오브젝트를 원하는 위치로 이동시킬 수 있다. | [장면]을 활용하여 여러 가지 장면이 있는 작품을 만들 수 있다.
589c20873cff391f762bcd90,https://playentry.org/study/lecture/589c20873cff391f762bcd90,[고고!3-4중급]2.로켓발사_더나아가기,중간,기타,신호를 사용하여 로켓을 발사해보고 장면을 추가하여 장면을 이어봅시다.,장면2에서 움직이기 블록 대신에 좌표를 활용하여 로켓을 움직입니다. | 붓을 사용하여 로켓이 발사되면서 자신의 경로를 그립니다. | 장면3을 추가하여 이야기를 만들어봅시다.
589c215457ebd45fea3dd972,https://playentry.org/study/lecture/589c215457ebd45fea3dd972,[고고! 5-6 중급] 2. 고슴도치 이야기_기본,중간,기타,고슴도치 이야기를 만들어봅시다. 이야기에 등장하는 오브젝트들을 추가해보고 고슴도치 이야기를 말해줄 글상자를 만들고 내용을 추가하여 고슴도치 이야기를 완성해봅시다.,글상자를 만들고 이야기를 쓸 수 있다. | 신호를 활용하여 오브젝트 간에 신호를 주고받을 수 있다.
589c2161c94212c9fb8aec6a,https://playentry.org/study/lecture/589c2161c94212c9fb8aec6a,[고고!3-4중급]3.물고기떼의여행_기본,중간,기타,"마우스를 사용하여 물고기 떼를 일렬로 움직이는 프로그램입니다.
 프로그램이 시작되면 사용자는 마우스를 이용하여 물고기를 움직일 수 있습니다. 마우스를 어느 위치로 이동시키면 물고기 떼가 일렬로 마우스 위치를 따라가게 만들어봅시다.",오브젝트가 마우스를 따라다니도록 만들 수 있다. | 연산을 활용하여 물고기의 이동속도를 결정할 수 있다. | 물고기들의 이동속도와 방향을 활용하여 물고기 떼의 움직임을 표현할 수 있다.
589c21a721c0a6059b25fbf9,https://playentry.org/study/lecture/589c21a721c0a6059b25fbf9,[고고!3-4중급]3.물고기떼의여행_더나아가기,중간,기타,"마우스를 사용하여 물고기 떼를 일렬로 움직이는 프로그램입니다.
 프로그램이 시작되면 사용자는 마우스를 이용하여 물고기를 움직일 수 있습니다. 마우스를 어느 위치로 이동시키면 물고기 떼가 일렬로 마우스 위치를 따라가게 만들어봅시다.",첫 번째 물고기에만 색깔 효과를 주어 다른 물고기들과 구분해줍니다. | 무작위로 물고기 오브젝트를 3개 선택하고 다른 물고기 오브젝트 모양을 추가하여 모양을 바꿔줍니다.
589c22634fb4d34fafa06c52,https://playentry.org/study/lecture/589c22634fb4d34fafa06c52,[고고!3-4중급]4.주사위프로그램_기본,중간,기타,"주사위를 굴려서 나온 주사위의 면을 알려주는 프로그램입니다.
 프로그램이 시작되면 사용자는 마우스를 클릭하여 주사위를 굴릴 수 있습니다. 주사위를 굴리면 1부터 6까지 주사위 면 중 하나의 면만 출력이 됩니다.",[모양] 탭의 모양번호 활용하여 주사위 프로그램을 만들 수 있다. | 오브젝트의 정보를 활용할 수 있다. | 다양한 모양을 활용하여 캐릭터 추첨 프로그램을 만들 수 있다.
589c2374e89f971306ae2972,https://playentry.org/study/lecture/589c2374e89f971306ae2972,[고고!3-4중급]4.주사위프로그램_더나아가기,중간,기타,주사위 프로그램의 원리를 이용하여 캐릭터 추첨 프로그램을 만듭니다.,캐릭터가 추첨된 후 자신의 이름을 말할 수 있도록 합니다.
589c238e2ff94605eac74dcf,https://playentry.org/study/lecture/589c238e2ff94605eac74dcf,[고고! 5-6 중급] 2. 고슴도치 이야기_더나아가기,중간,기타,고슴도치 이야기를 만들어봅시다.,게가 다가오면 고슴도치가 “고마워”라고 말할 수 있도록 한다. | ‘미안한 원숭이’신호를 만들고 신호를 받았을 때 원숭이가 다시 나와 ‘미안해’라고 말할 수 있도록 한다. | 고슴도치가 아닌 다른 오브젝트를 주인공으로 한 새로운 동화를 만들어 보도록 한다.
589c23c43e303c4fc90b9946,https://playentry.org/study/lecture/589c23c43e303c4fc90b9946,[고고3-4중급]5.먹이를찾아다니는사자_기본,중간,기타,사자가 고기에 닿을 때까지 따라가도록 만들고 고기에 닿으면 울음소리를 낼 수 있도록 만들어봅시다.,오브젝트가 화면의 무작위 위치에 나타나도록 만들 수 있다. | 사자가 고기에 닿을 때까지 따라다니는 코드를 만들 수 있다.
589c2407a98f578b27249735,https://playentry.org/study/lecture/589c2407a98f578b27249735,[고고3-4중급]5.먹이를찾아다니는사자_더나아가기,중간,기타,"사자가 고기에 닿을 때까지 따라가도록 만들고 고기에 닿으면 울음소리를 낼 수 있도록 만들어봅시다.
또 사자가 울 때 배경이 흔들립니다.",사자가 울 때 배경이 흔들립니다.
589c240f7b6ad85fce47a564,https://playentry.org/study/lecture/589c240f7b6ad85fce47a564,[고고! 5-6 중급]3.무기점에 간 해적_기본,중간,기타,"무기가 필요한 해적에게 무기를 골라주는 프로그램을 만들어 봅시다. 무기를 마우스로 클릭하면 해적에게 장착되며, 공격력이 몇 상승되었는지를 말해줍니다. 키보드 스페이스 키를 누르면 장착한 무기를 해제할 수 있도록 프로그램을 만들어 봅시다.",실행화면의 좌표를 이용하여 오브젝트를 원하는 위치로 옮길 수 있다. | 오브젝트 정보에 있는 좌표를 이용해 오브젝트를 원래 위치로 옮길 수 있다.
589c2466c94212c9fb8aeca2,https://playentry.org/study/lecture/589c2466c94212c9fb8aeca2,[고고3-4중급]6.우주속신비한그림그리기_기본,중간,기타,"매 순간 마다 색깔이 변하는 공을 이용하여 그림을 그려봅시다.
 프로그램이 시작되면 어느 일정크기의 공이 화면 안에서 계속 움직이게 됩니다. 움직이면서 매 순간마다 색깔이 바뀌고 지나간 자리에는 공의 흔적이 남습니다.",오브젝트가 자취를 남기며 이동하도록 할 수 있다. | 오브젝트에 무작위로 색깔/투명도 효과를 줄 수 있다. | 오브젝트의 크기를 변화시킬 수 있다.
589c24a52bd91f8b765763cc,https://playentry.org/study/lecture/589c24a52bd91f8b765763cc,[고고3-4중급]6.우주속신비한그림그리기_더나아가기,중간,기타,"매 순간 마다 색깔이 변하는 공을 이용하여 그림을 그려봅시다.
 프로그램이 시작되면 어느 일정크기의 공이 화면 안에서 계속 움직이게 됩니다. 움직이면서 매 순간마다 색깔이 바뀌고 지나간 자리에는 공의 흔적이 남습니다.",동그란 공 대신에 다른 모양을 추가하여 작품을 꾸며봅시다. | 원하는 음악을 추가하여 작품을 꾸며봅시다.
589c24c31b71ed05cfcc9865,https://playentry.org/study/lecture/589c24c31b71ed05cfcc9865,[고고! 5-6 중급]3.무기점에 간 해적_더나아가기,중간,기타,무기가 필요한 해적에게 무기를 골라주는 프로그램을 만들어 봅시다.,글상자를 활용하여 각각의 무기의 가격을 보여준다. | 변수를 추가하여 해적이 가진 돈을 보여준다. | 무기를 클릭할 때마다 해당 무기의 가격만큼 해적의 돈이 줄어들도록 한다.  (r키를 누르면 해적이 가진 돈도 처음상태로 돌아온다.)
589c24fb9447fb4fe536ce9b,https://playentry.org/study/lecture/589c24fb9447fb4fe536ce9b,[고고3-4중급]8.로봇청소기움직이기_기본,중간,기타,로봇 청소기가 멈추지 않고 바닥을 골고루 청소할 수 있도록 해 봅시다.,오브젝트가 어떤 조건을 만족할 경우 다른 명령을 실행하도록 만들 수 있다. | 오브젝트가 움직이는 경로를 그릴 수 있다.
589c252d9447fb4fe536ceb3,https://playentry.org/study/lecture/589c252d9447fb4fe536ceb3,[고고! 5-6 중급]4.여러 가지 도형 그리기_기본,중간,기타,"화면에 있는 삼각형, 사각형, 원을 누르면 연필이 해당 도형을 그려주는 프로그램을 만들어 봅시다.","반복블록과 회전블록을 사용하여 삼각형, 사각형, 원을 그릴 수 있다. | 신호를 활용하여 선택한 도형을 그릴 수 있다."
589c254b8a3ad47ba47abac2,https://playentry.org/study/lecture/589c254b8a3ad47ba47abac2,[고고3-4중급]8.로봇청소기움직이기_더나아가기,중간,기타,로봇 청소기가 멈추지 않고 바닥을 골고루 청소할 수 있도록 해 봅시다.,하나 이상의 장애물 오브젝트를 배치합니다. | 장애물을 만나면 벽에 닿는 것과 같이 회전 후 청소합니다. | 충전기 오브젝트를 만들어 충전기에 닿으면 청소가 중단되도록 해 봅시다.
589c25abe89f971306ae2ad4,https://playentry.org/study/lecture/589c25abe89f971306ae2ad4,[고고! 5-6 중급]4.여러가지도형 그리기_더나아가기,중간,기타,"화면에 있는 삼각형, 사각형, 원을 누르면 연필이 해당 도형을 그려주는 프로그램을 만들어 봅시다.",적당한 크기로 정 12각형을 그린다. | 정삼각형을 30도씩 회전하며 12개 그려 오른쪽과 같은 모양을 만든다. | 다양한 무늬의 패턴을 만들어본다.
589c25befb2fe38b5cde1eb3,https://playentry.org/study/lecture/589c25befb2fe38b5cde1eb3,[고고3-4중급]9.자동차여행_기본,중간,기타,"흰 자동차가 이동하다가 벽에 닿으면 다음 장면이 시작되도록 만들어봅시다. 
그리고 마지막 장면에서는 흰 자동차가 벽에 닿으면 사라지도록 합니다.",장면을 추가할 수 있다. | 오브젝트가 벽에 닿으면 다음 장면으로 이동할 수 있다.
589c261a763161500737faab,https://playentry.org/study/lecture/589c261a763161500737faab,[고고3-4중급]9.자동차여행_더나아가기,중간,기타,흰 자동차가 이동하다가 스페이스 키를 누르면 속도가 빨라지게 만들어봅시다.,장면1에서 흰자동차가 이동하다가 스페이스 키를 눌렀을 때 속도가 빨라집니다. | 흰자동차가 주행하는 도로에 풍선을 배치해 흰자동차가 그 위를 지나갔을 때 풍선이 터집니다.
589c265fb7e56829a0c6fd00,https://playentry.org/study/lecture/589c265fb7e56829a0c6fd00,[고고! 5-6중급]5.물고기 떼의 여행_기본,중간,기타,"마우스를 사용하여 물고기 떼를 일렬로 움직이는 프로그램입니다.
 프로그램이 시작되면 사용자는 마우스를 이용하여 물고기를 움직일 수 있습니다. 마우스를 어느 위치로 이동시키면 물고기 떼가 일렬로 마우스 위치를 따라가게 만들어봅시다.",오브젝트가 마우스를 따라다니도록 만들 수 있다. | 연산을 활용하여 물고기의 이동속도를 결정할 수 있다. | 물고기들의 이동속도와 방향을 활용하여 물고기 떼의 움직임을 표현할 수 있다.
589c26801b71ed05cfcc98ac,https://playentry.org/study/lecture/589c26801b71ed05cfcc98ac,[고고3-4중급]10.달에서공튀기기_기본,중간,기타,마우스로 판을 움직여 공이 판에 닿으면 튀길 수 있도록 만들어봅시다.,오브젝트의 방향과 이동방향을 활용하여 판으로 공을 튀기는 모습을 표현할 수 있다. | 초시계를 활용하여 게임이 끝날 때까지의 시간을 나타낼 수 있다.
589c26bf395ab78b426905c4,https://playentry.org/study/lecture/589c26bf395ab78b426905c4,[고고! 5-6 중급]5.물고기 떼의 여행_더나아가기,중간,기타,"마우스를 사용하여 물고기 떼를 일렬로 움직이는 프로그램입니다.
 프로그램이 시작되면 사용자는 마우스를 이용하여 물고기를 움직일 수 있습니다. 마우스를 어느 위치로 이동시키면 물고기 떼가 일렬로 마우스 위치를 따라가게 만들어봅시다.",첫 번째 물고기에만 색깔 효과를 주어 다른 물고기들과 구분해줍니다. | 무작위로 물고기 오브젝트를 3개 선택하고 다른 물고기 오브젝트 모양을 추가하여 모양을 바꿔줍니다.
589c26d63214d212d1153ef3,https://playentry.org/study/lecture/589c26d63214d212d1153ef3,[고고3-4중급]10.달에서공튀기기_더나아가기,중간,기타,화살표 키를 이용하여 공이 판에 닿으면 튀길 수 있도록 만들어봅시다.,마우스가 아닌 왼쪽 화살표 키와 오른쪽 화살표 키를 이용해서 판을 움직입니다. | 초시계를 추가하여 공을 떨어뜨렸을 때까지의 시간을 구합니다.
589c2721763161500737fad0,https://playentry.org/study/lecture/589c2721763161500737fad0,[고고3-4중급]11.펭귄의모험_기본,중간,기타,"펭귄이 물위를 걸어 다니는 것처럼 보이는 애니메이션 입니다.
 시작하기를 누르면 펭귄은 제자리에서 걷고, 배경은 일정한 속도로 지나가도록 만들어 마치 펭귄이 물위를 걷는 것처럼 보이도록 만들어봅시다.",제자리에서 움직이는 오브젝트가 앞으로 가는 것처럼 보이는 원리를 설명할 수 있다. | 좌표를 활용하여 배경이 무한히 이어지는 듯한 효과를 만들 수 있다.
589c2731c94212c9fb8aecd8,https://playentry.org/study/lecture/589c2731c94212c9fb8aecd8,[고고! 5-6 중급]6.덧셈 로봇 만들기_기본,중간,기타,두 수를 입력받아 덧셈을 해주는 로봇을 만들어 봅시다.,변수의 필요성을 알고 입력한 값을 변수에 저장할 수 있다. | 변수에 저장된 값으로 덧셈을 할 수 있고 덧셈의 결과를 출력할 수 있다.
589c275fd66f577bbfa90f82,https://playentry.org/study/lecture/589c275fd66f577bbfa90f82,[고고3-4중급]11.펭귄의모험_더나아가기,중간,기타,펭귄이 물위를 걸어 다니는 것처럼 보이는 애니메이션 입니다.,애니메이션의 속도를 빠르게 증가시킨다. | 3초가 지나면 배경을 남극으로 바꿉니다.
589c27a5a51c7212ebc80e51,https://playentry.org/study/lecture/589c27a5a51c7212ebc80e51,[고고! 5-6 중급]6.덧셈 로봇 만들기_더나아가기,중간,기타,두 수를 입력받아 덧셈을 해주는 로봇을 만들어 봅시다.,~과(와) ~를 합치기'를 여러 번 사용하여 로봇이 “1+3의 정답은 4야”와 같이 문제와 정답을 모두 말해주도록 한다. | 뺄셈을 해 주는 로봇으로 바꾸어 본다. | 로봇이 맨 처음에 덧셈을 할 것인지 뺄셈을 할 것인지 묻고 입력한 연산을 하도록 한다.
589c27b3e89f971306ae2c47,https://playentry.org/study/lecture/589c27b3e89f971306ae2c47,[고고3-4중급]12.육상선수의점핑게임_기본,중간,기타,"배경이 왼쪽으로 움직이니 제자리 뛰기를 하는 육상선수는 마치 앞으로 달려가는 것처럼 보입니다. 스페이스 키를 누르면 육상선수가 점프를 합니다.
뱀은 예상할 수 없는 시간에 등장하여 왼쪽으로 지나갑니다.
뱀을 뛰어넘지 못하면 게임 종료! 
게임이 끝날 때까지의 시간을 구해봅시다.",좌표를 활용하여 배경이 계속해서 이어지는 효과를 만들 수 있다. | 오브젝트가 예상할 수 없는 시간에 등장하도록 할 수 있다. | 초시계를 활용하여 게임이 끝날 때까지의 시간을 측정할 수 있다.
589c27f79447fb4fe536cf13,https://playentry.org/study/lecture/589c27f79447fb4fe536cf13,[고고! 5-6 중급]7.구구단 게임_기본,중간,기타,선생님이 내는 구구단 문제를 맞추는 게임을 만들어봅시다.,변수와 무작위수를 활용하여 2~9단의 구구단 문제를 만들 수 있다. | 변수 값과 입력 값을 비교하여 정답과 오답을 출력할 수 있다.
589c280ea98f578b27249786,https://playentry.org/study/lecture/589c280ea98f578b27249786,[고고3-4중급]12.육상선수의점핑게임_더나아가기,중간,기타,"배경이 왼쪽으로 움직이니 제자리 뛰기를 하는 육상선수는 마치 앞으로 달려가는 것처럼 보입니다. 
뱀은 예상할 수 없는 시간에 등장하여 왼쪽으로 지나갑니다.
뱀을 뛰어넘지 못하면 게임 종료! 
게임이 끝날 때까지의 시간을 구해봅시다.",육상선수가 점프를 하는 동시에 좌/우로도 움직일 수 있도록 한다. | 별 오브젝트가 중간 중간 등장하여 먹으면 점수가 증가하도록 한다. | 시간이 흐를수록 게임의 속도가 빨라져 게임 난이도가 증가하도록 한다.
589c2856be1fed29346df48f,https://playentry.org/study/lecture/589c2856be1fed29346df48f,[고고! 5-6 중급]7.구구단 게임_더나아가기,중간,기타,선생님이 내는 구구단 문제를 맞추는 게임을 만들어봅시다.,선생님이 10 이하의 소수점 둘째자리까지의 소수의 덧셈 문제를 내도록 바꾸어 본다. 예) 1.25 + 5.68 | 문제를 선생님이 말해주지 않고 칠판에 출력해본다.
589c28837c2b2a6054314323,https://playentry.org/study/lecture/589c28837c2b2a6054314323,[고고3-4중급]13.우리집전자도어락_기본,중간,기타,비밀번호를 입력하면 미리 정해둔 숫자와 입력된 암호 값을 비교하여 맞으면 소리와 함께 상자가 열리며 ‘문이 열렸습니다!’ 메시지가 출력되고 틀리면 ‘틀렸습니다!’ 메시지가 출력되도록 한다.,질문에 대한 답을 입력하도록 할 수 있다. | 입력한 비밀번호가 맞는지 확인하여 다른 결과를 보여주도록 할 수 있다.
589c28baa98f578b272497a4,https://playentry.org/study/lecture/589c28baa98f578b272497a4,[고고! 5-6 중급]8.숫자 맞히기 게임_기본,중간,기타,"1~100까지 중 컴퓨터가 정한 숫자를 맞추는 게임을 만들어봅시다. 예상한 숫자를 입력하면 컴퓨터가 해당 숫자보다 큰 지, 작은 지를 알려줍니다.",비교 연산을 통해 변수 값과 입력 값을 비교하여 조건 별로 다른 결과를 출력할 수 있다. | 변수를 대답 횟수를 누적할 수 있다.
589c28de8a3ad47ba47abb16,https://playentry.org/study/lecture/589c28de8a3ad47ba47abb16,[고고3-4중급]13.우리집전자도어락_더나아가기,중간,기타,비밀번호를 입력하면 미리 정해둔 숫자와 입력된 암호 값을 비교하여 맞으면 소리와 함께 상자가 열리며 ‘문이 열렸습니다!’ 메시지가 출력되고 틀리면 다시 암호를 물어봅니다.,암호를 맞혔을 때 보물 상자가 열린 모양으로 바뀝니다. | 암호가 틀렸을 경우 다시 암호를 물어봅니다.
589c290aa51c7212ebc80e6b,https://playentry.org/study/lecture/589c290aa51c7212ebc80e6b,[고고! 5-6 중급]8.숫자 맞히기 게임_더나아가기,중간,기타,1~100까지 중 컴퓨터가 정한 숫자를 맞추는 게임을 만들어봅시다.,글상자를 추가하여 지금까지 입력한 수와 그에 대한 힌트가 칠판에 누적하여 표시되도록 한다. | 최대 5번 까지만 답을 입력할 수 있도록 게임을 제한한다.
589c292ce89f971306ae2c63,https://playentry.org/study/lecture/589c292ce89f971306ae2c63,[고고3-4중급]14.세계의국가수도맞히기_기본,중간,기타,세계 여러 나라의 수도를 맞추는 퀴즈게임입니다.,질문에 대한 답을 입력하도록 할 수 있다. | 입력한 답이 맞는지 확인하여 다른 결과를 보여주도록 만들 수 있다. | 조건에 따라 반복을 중단할 수 있다.
589c296e9447fb4fe536cf31,https://playentry.org/study/lecture/589c296e9447fb4fe536cf31,[고고3-4중급]14.세계의국가수도맞히기_더나아가기,중간,기타,세계 여러 나라의 수도를 맞추는 퀴즈게임입니다.,칠판에 문제에 대한 설명이 쓰입니다. | 문제에 대한 설명이 끝나고 신호를 보내면 남자선생님이 첫 번째 문제를 말합니다. | 정답을 맞혔을 때/틀렸을 때 각각 다른 소리 효과를 출력합니다.
589c29770cf13cc9c58ddecc,https://playentry.org/study/lecture/589c29770cf13cc9c58ddecc,[고고! 5-6 중급]9.자판기 프로그램 만들기_기본,중간,기타,구입할 음료수를 클릭한 후 투입금액을 키보드로 입력하면 거스름돈을 자동으로 알려주는 프로그램을 만들어봅시다.,산술연산을 활용하여 총 주문금액을 구할 수 있다. | 산술연산과 비교연산을 활용하여 거스름돈을 구할 수 있다.
589c2a3220d8fa291a4e8fc2,https://playentry.org/study/lecture/589c2a3220d8fa291a4e8fc2,[고고! 5-6 중급]9.자판기프로그램만들기_더나아가기,중간,기타,구입할 음료수를 클릭한 후 투입금액을 키보드로 입력하면 거스름돈을 자동으로 알려주는 프로그램을 만들어봅시다.,"‘거스름돈’을 변수로 생성하여 이용해 봅시다. | 음료수를 클릭했을 때 “몇 개를 입력하시겠습니까?”라고 물으며 음료수 개수를 입력받아봅시다. | 거스름돈을 만원, 오천원, 천원, 오백원, 백원 단위로 줄 수 있도록 만들어 봅시다."
589c2aa2f0c70229baed6291,https://playentry.org/study/lecture/589c2aa2f0c70229baed6291,[고고! 5-6 중급]10.달에서 공 튀기기 게임_기본,중간,기타,마우스로 판을 움직여 공이 판에 닿으면 튀길 수 있도록 만들어봅시다.,오브젝트의 방향과 이동방향을 활용하여 판으로 공을 튀기는 모습을 표현할 수 있다. | 초시계를 활용하여 게임이 끝날 때까지의 시간을 나타낼 수 있다.
589c2b163e303c4fc90b9aeb,https://playentry.org/study/lecture/589c2b163e303c4fc90b9aeb,[고고! 5-6 중급]10.달에서공튀기기게임_더나아가기,중간,기타,마우스로 판을 움직여 공이 판에 닿으면 튀길 수 있도록 만들어봅시다.,마우스가 아닌 왼쪽 화살표 키와 오른쪽 화살표 키를 이용해서 판을 움직입니다. | 초시계를 추가하여 공을 떨어뜨렸을 때까지의 시간을 구합니다.
589c2b720ca0c85fb46a6511,https://playentry.org/study/lecture/589c2b720ca0c85fb46a6511,[고고! 5-6 중급]11.고추 피하기 게임_기본,중간,기타,하늘에서 고추가 내려옵니다. 계속해서 생성되어 내려오는 고추를 몇 초 동안 피할 수 있을까요?,회전방식을 이용하여 오브젝트를 좌우로 움직일 수 있다. | 복제본과 무작위수를 활용하여 고추가 계속해서 무작위로 생성되어 나타나도록 만들 수 있다. | 초시계를 활용하여 게임의 진행시간을 잴 수 있다.
589c2bc71b71ed05cfcc9911,https://playentry.org/study/lecture/589c2bc71b71ed05cfcc9911,[고고! 5-6 중급]11.고추 피하기 게임_더나아가기,중간,기타,하늘에서 고추가 내려옵니다. 계속해서 생성되어 내려오는 고추를 몇 초 동안 피할 수 있을까요?,"‘난이도’ 변수를 추가하고, 그 변수를 활용하여 시간이 흐를수록 고추가 더 빠르게 내려오도록 한다. | ‘바나나’ 오브젝트를 추가하여 바나나를 먹으면 고추의 속도가 다시 조금 느려지도록 한다."
589c2c1157ebd45fea3ddbde,https://playentry.org/study/lecture/589c2c1157ebd45fea3ddbde,[고고! 5-6 중급]12.가위바위보 게임_기본,중간,기타,컴퓨터와 가위 바위 보를 하는 게임을 만들어봅시다.,여러 가지 신호를 활용하여 오브젝트간 상호작용을 하도록 만들 수 있다. | 무작위수를 활용하여 오브젝트의 모양을 결정할 수 있다. | 오브젝트의 상태를 나타내기 위해 변수를 활용할 수 있다.
589c2c544fb4d34fafa0710c,https://playentry.org/study/lecture/589c2c544fb4d34fafa0710c,[고고! 5-6 중급]12.가위바위보 게임_더나아가기,중간,기타,컴퓨터와 가위 바위 보를 하는 게임을 만들어봅시다.,"‘컴퓨터승’과 ‘사람승’ 변수를 만들어, 누가 몇 번 이겼는지를 누적하여 보여준다. | 사람이 낼 것을 선택하면 나머지 것들을 가위 바위 보를 하는 동안 잠시 사라지도록 한다."
589c2c9c7b6ad85fce47a662,https://playentry.org/study/lecture/589c2c9c7b6ad85fce47a662,[고고! 5-6 중급]13.무당벌레 잡기 게임_기본,중간,기타,3가지 색깔을 가진 무당벌레를 키보드를 이용하여 잡아봅시다. 무당벌레는 불규칙하게 나타났다가 없어지는 과정을 반복하도록 만들어봅시다.,무당벌레가 화면에 보이는 상태인지 아닌지를 변수를 활용하여 표현할 수 있다. | 무작위수를 활용하여 무당벌레가 불규칙적으로 나타나게 만들 수 있다.
589c2cf61b71ed05cfcc992c,https://playentry.org/study/lecture/589c2cf61b71ed05cfcc992c,[고고! 5-6 중급]13.무당벌레잡기 게임_더나아가기,중간,기타,3가지 색깔을 가진 무당벌레를 키보드를 이용하여 잡아봅시다. 무당벌레는 불규칙하게 나타났다가 없어지는 과정을 반복하도록 만들어봅시다.,무당벌레의 속도를 불규칙하게 설정해본다. | 점수가 100점을 넘어가면 게임성공이라는 메시지를 출력한다. | 초시계 기능을 추가하여 시간을 측정할 수 있도록 만들어본다.
589c2d86a98f578b272497f5,https://playentry.org/study/lecture/589c2d86a98f578b272497f5,"[고고5-6초급]5.안녕,엔트리_기본",중간,기타,엔트리봇이 말풍선으로 자기소개를 하게 해 봅시다.,엔트리 ‘만들기’ 화면 구성과 주요 용어를 알 수 있다. | 오브젝트가 말풍선으로 자기소개를 하도록 만들 수 있다.
589c2dc6e89f971306ae2ca3,https://playentry.org/study/lecture/589c2dc6e89f971306ae2ca3,"[고고5-6초급]5.안녕,엔트리_더나아가기",중간,기타,말풍선으로 자기소개를 하게 해 봅시다.,‘~를 ~초 동안 말하기’블록을 사용하여 자기소개 프로그램을 만듭니다. | 다양한 블록들을 사이사이에 끼워 넣으며 실행 결과를 확인해봅시다.
589c2e0d7b6ad85fce47a67e,https://playentry.org/study/lecture/589c2e0d7b6ad85fce47a67e,[고고5-6초급]6.멍멍이와야옹이의대화_기본,중간,기타,멍멍이와 야옹이가 번갈아 가며 대화 하는 실행화면을 만들어 봅시다.,각각의 오브젝트에 조립한 블록이 각각 동시에 실행됨을 알고 ‘기다리기’ 블록을 이용하여 대화를 구현할 수 있다. | 시간의 순서를 고려하여 여러 오브젝트의 대화 애니메이션을 만들 수 있다.
589c2e502cc19305b5368a30,https://playentry.org/study/lecture/589c2e502cc19305b5368a30,[고고5-6초급]6.멍멍이와야옹이의대화_더나아가기,중간,기타,번갈아 가며 대화 하는 실행화면을 만들어 봅시다.,실제 친구와 있었던 재미있는 대화 내용을 짧게 구성합니다. | 오브젝트들이 동시에 말하지 않아야 합니다.
589c2eb28a3ad47ba47abb61,https://playentry.org/study/lecture/589c2eb28a3ad47ba47abb61,[고고5-6초급]7.꽃잎한장으로꽃송이만들기_기본,중간,기타,꽃잎 오브젝트를 도장찍기와 회전시키기 블록을 활용하여 꽃송이로 만들어 봅시다.,반복되는 명령을 ‘~번 반복하기’ 블록으로 간단히 만들 수 있다. | 회전각도와 반복하기 횟수를 조절하여 다양한 모양의 꽃송이를 만들 수 있다. | 여러 가지 효과를 통해 나만의 꽃송이를 만들 수 있다.
589c2eef3214d212d1154036,https://playentry.org/study/lecture/589c2eef3214d212d1154036,[고고5-6초급]7.꽃잎한장으로꽃송이만들기_더나아가기,중간,기타,꽃잎 오브젝트를 도장찍기와 회전시키기 블록을 활용하여 꽃송이로 만들어 봅시다.,다른 꽃잎 오브젝트를 이용한다. | 꽃잎의 수가 8개 이상이 되도록 합니다. | 꽃잎의 필요한 횟수만큼만 회전하여 중복적으로 도장이 찍히지 않아야 합니다.
589c2efb3cff391f762bcef5,https://playentry.org/study/lecture/589c2efb3cff391f762bcef5,"[고고! 중등 초급]5.안녕, 엔트리!_기본",쉬움,기타,엔트리봇이 말풍선으로 자기소개를 하게 해 봅시다.,엔트리 ‘만들기’ 화면 구성과 주요 용어를 알 수 있다. | 오브젝트가 말풍선으로 자기소개를 하도록 만들 수 있다.
589c2f3f395ab78b426906ed,https://playentry.org/study/lecture/589c2f3f395ab78b426906ed,[고고5-6초급]9.로봇청소기움직이기_기본,중간,기타,로봇 청소기가 멈추지 않고 바닥을 골고루 청소할 수 있도록 해 봅시다.,오브젝트가 어떤 조건을 만족할 경우 다른 명령을 실행하도록 만들 수 있다. | 오브젝트가 움직이는 경로를 그릴 수 있다.
589c2f7f21c0a6059b25fcd4,https://playentry.org/study/lecture/589c2f7f21c0a6059b25fcd4,[고고5-6초급]9.로봇청소기움직이기_더나아가기,중간,기타,로봇 청소기가 멈추지 않고 바닥을 골고루 청소할 수 있도록 해 봅시다.,하나 이상의 장애물 오브젝트를 배치합니다. | 장애물을 만나면 벽에 닿는 것과 같이 회전 후 청소합니다. | 충전기 오브젝트를 만들어 충전기에 닿으면 청소가 중단되도록 해 봅시다.
589c2f91f9b16fca18e6a2e1,https://playentry.org/study/lecture/589c2f91f9b16fca18e6a2e1,[고고! 중등 초급]6.멍멍이와 야옹이의 대화_기본,쉬움,기타,강아지와 고양이가 번갈아 가며 대화 하는 실행화면을 만들어 봅시다.,각각의 오브젝트에 조립한 블록이 각각 동시에 실행됨을 알고 ‘기다리기’ 블록을 이용하여 대화를 구현할 수 있다. | 시간의 순서를 고려하여 여러 오브젝트의 대화 애니메이션을 만들 수 있다.
589c2fca297fff1fe1aead5a,https://playentry.org/study/lecture/589c2fca297fff1fe1aead5a,[고고5-6초급]10.나만의그림판만들기_기본,중간,기타,"마우스로 연필을 움직여 그림을 그릴 수 있고,   지우개를 클릭하면 지울 수도 있는 그림판을 완성해 봅시다.",신호를 만들어 오브젝트 간에 약속된 신호를 주고 받는 작품을 만들 수 있다. | 신호를 활용하여 그림판 의 다양한 기능을 만들 수 있다.
589c3006be1fed29346df8b0,https://playentry.org/study/lecture/589c3006be1fed29346df8b0,[고고!중등 초급]7.꽃잎한장으로꽃송이만들기_기본,쉬움,기타,꽃잎 오브젝트를 도장찍기와 회전시키기 블록을 활용하여 꽃송이로 만들어 봅시다.,반복되는 명령을 ‘~번 반복하기’ 블록으로 간단히 만들 수 있다. | 회전각도와 반복하기 횟수를 조절하여 다양한 모양의 꽃송이를 만들 수 있다. | 여러 가지 효과를 통해 나만의 꽃송이를 만들 수 있다.
589c3032a98f578b2724986b,https://playentry.org/study/lecture/589c3032a98f578b2724986b,[고고5-6초급]10.나만의그림판만들기_더나아가기,중간,기타,"물감 오브젝트를 클릭하면 붓의 색이 바뀌고, 화살표 오브젝트를 클릭하면 붓의 굵기가 굵어지는 
마우스로 연필을 움직여 그림을 그릴 수 있고,   지우개를 클릭하면 지울 수도 있는 그림판을 완성해 봅시다.",물감 오브젝트를 클릭하면 붓의 색이 바뀌도록 합니다. | 화살표 오브젝트를 클릭하면 붓의 굵기가 굵어지도록 합니다. | 별 오브젝트를 클릭하면 붓이 반투명해지도록 합니다.
589c30e0f0c70229baed6341,https://playentry.org/study/lecture/589c30e0f0c70229baed6341,[고고5-6초급]11.팔벌려뛰기횟수세기_기본,중간,기타,마우스를 한번 클릭할 때마다 팔 벌려 뛰기를   한번 실시하고 ‘횟수’가 1씩 증가하도록 해 봅시다.,모양 바꾸기로 팔 벌려 뛰기를 표현할 수 있다. | 변수의 필요성을 알고 이를 통해 횟수를 셀 수 있다.
589c31227b6ad85fce47a711,https://playentry.org/study/lecture/589c31227b6ad85fce47a711,[고고5-6초급]11.팔벌려뛰기횟수세기_더나아가기,중간,기타,엔트리봇의 걸음 수를 세는 작품을 만들어봅시다.,엔트리봇의 걸음 수를 세는 작품을 만들어봅시다.
589c319820d8fa291a4e90ce,https://playentry.org/study/lecture/589c319820d8fa291a4e90ce,[고고5-6초급]12.암호를입력해보물상자를열어요_기본,중간,기타,암호를 입력하면 미리 설정된 ‘암호값’ 변수와 입력된 암호 값을 비교하여 맞으면 소리와 함께 상자가 열리며 ‘보물 획득’ 메시지가 출력되고 틀리면 ‘획득 실패’ 메시지가 출력되도록 한다.,키보드로 질문에 대한 대답을 입력받도록 할 수 있다. | 변수에 비밀번호를 저장할 수 있다. | 입력한 비밀번호가 맞는지 확인하여 다른 결과를 보여주도록 만들 수 있다.
589c321a7b6ad85fce47a7fe,https://playentry.org/study/lecture/589c321a7b6ad85fce47a7fe,[고고5-6초급]12.암호를입력해보물상자열기_더나아가기,중간,기타,암호를 입력하면 미리 설정된 ‘암호값’ 변수와 입력된 암호 값을 비교하여 맞으면 소리와 함께 상자가 열리며 ‘보물 획득’ 메시지가 출력되고 틀리면 다시 암호를 물어봅니다.,암호를 맞혔을 때 보물 상자가 열린 모양으로 바뀝니다. | 암호가 틀렸을 경우 다시 암호를 물어봅니다.
589c32683cff391f762bd044,https://playentry.org/study/lecture/589c32683cff391f762bd044,[고고5-6초급]13.두더지게임만들기_기본,중간,기타,"두더지가 땅에서 갑자기 나타났다 사라집니다. 두더지가 나타났을 때, 마우스로 뿅망치를 움직여 두더지를 때립니다.
두더지를 때리면 점수가 증가합니다. 30초가 지나면 게임이 종료!
30초 동안 몇 마리의 두더지를 잡을 수 있을까요?",오브젝트가 예상할 수 없는 시간에 등장하도록 할 수 있다. | 변수를 활용하여 두더지를 잡을 때마다 점수가 증가하도록 만들 수 있다. | 초시계를 활용하여 30초 동안 진행되는 게임을 만들 수 있다.
589c326ae89f971306ae2e31,https://playentry.org/study/lecture/589c326ae89f971306ae2e31,[고고!중등 초급]7.꽃잎한장으로꽃송이만들기_더나아가기,쉬움,기타,꽃잎 오브젝트를 도장찍기와 회전시키기 블록을 활용하여 꽃송이로 만들어 봅시다.,다른 꽃잎 오브젝트를 이용한다. | 꽃잎의 수가 8개 이상이 되도록 합니다. | 꽃잎의 필요한 횟수만큼만 회전하여 중복적으로 도장이 찍히지 않아야 합니다.
589c32e557ebd45fea3dde54,https://playentry.org/study/lecture/589c32e557ebd45fea3dde54,[고고5-6초급]13.두더지게임만들기_더나아가기,중간,기타,"두더지가 땅에서 갑자기 나타났다 사라집니다. 두더지가 나타났을 때, 마우스로 뿅망치를 움직여 두더지를 때립니다.
두더지를 때리면 점수가 증가합니다. 30초가 지나면 게임이 종료!
30초 동안 몇 마리의 두더지를 잡을 수 있을까요?",마우스를 클릭하면 뿅망치를 때린 상태로 있다가 마우스 클릭을 해제하면 뿅망치가 원래대로 돌아옵니다. | 다른 두더지들과 색이 다른 특별한 두더지를 잡았을 때 점수가 5점 증가하는 코드를 만들어봅시다. | 두더지가 나타날 때 화면의 무작위 위치에서 나타납니다.
589c3305395ab78b42690b31,https://playentry.org/study/lecture/589c3305395ab78b42690b31,[고고! 중등 초급]9.로봇청소기 움직이기_기본,쉬움,기타,로봇 청소기가 멈추지 않고 바닥을 골고루 청소할 수 있도록 해 봅시다.,오브젝트가 어떤 조건을 만족할 경우 다른 명령을 실행하도록 만들 수 있다. | 오브젝트가 움직이는 경로를 그릴 수 있다.
589c3354448eafc9e049b9b9,https://playentry.org/study/lecture/589c3354448eafc9e049b9b9,[고고! 중등 초급]9.로봇청소기 움직이기_더나아가기,쉬움,기타,로봇 청소기가 멈추지 않고 바닥을 골고루 청소할 수 있도록 해 봅시다.,하나 이상의 장애물 오브젝트를 배치합니다. | 장애물을 만나면 벽에 닿는 것과 같이 회전 후 청소합니다. | 충전기 오브젝트를 만들어 충전기에 닿으면 청소가 중단되도록 해 봅시다.
589c33753e303c4fc90ba26a,https://playentry.org/study/lecture/589c33753e303c4fc90ba26a,[고고5-6초급]14.육상선수의점핑게임_기본,중간,기타,"배경이 왼쪽으로 움직이니 제자리 뛰기를 하는 육상선수는 마치 앞으로 달려가는 것처럼 보입니다. 스페이스 키를 누르면 육상선수가 점프를 합니다.
뱀은 예상할 수 없는 시간에 등장하여 왼쪽으로 지나갑니다.
뱀을 뛰어넘지 못하면 게임 종료! 
게임이 끝날 때까지의 시간을 구해봅시다.",좌표를 활용하여 배경이 계속해서 이어지는 효과를 만들 수 있다. | 오브젝트가 예상할 수 없는 시간에 등장하도록 할 수 있다. | 초시계를 활용하여 게임이 끝날 때까지의 시간을 측정할 수 있다.
589c33a93214d212d115410e,https://playentry.org/study/lecture/589c33a93214d212d115410e,[고고! 중등 초급]10.나만의 그림판 만들기_기본,쉬움,기타,"마우스로 연필을 움직여 그림을 그릴 수 있고,   지우개를 클릭하면 지울 수도 있는 그림판을 완성해 봅시다.",신호를 만들어 오브젝트 간에 약속된 신호를 주고 받는 작품을 만들 수 있다. | 신호를 활용하여 그림판 의 다양한 기능을 만들 수 있다.
589c33c4763161500737fc9d,https://playentry.org/study/lecture/589c33c4763161500737fc9d,[고고5-6초급]14.육상선수의점핑게임_더나아가기,중간,기타,"배경이 왼쪽으로 움직이니 제자리 뛰기를 하는 육상선수는 마치 앞으로 달려가는 것처럼 보입니다. 
뱀은 예상할 수 없는 시간에 등장하여 왼쪽으로 지나갑니다.
뱀을 뛰어넘지 못하면 게임 종료! 
게임이 끝날 때까지의 시간을 구해봅시다.",육상선수가 점프를 하는 동시에 좌/우로도 움직일 수 있도록 한다. | 별 오브젝트가 중간중간 등장하여 먹으면 점수가 증가하도록 한다. | 시간이 흐를수록 게임의 속도가 빨라져 게임 난이도가 증가하도록 한다.
589c340d1b71ed05cfcc9af9,https://playentry.org/study/lecture/589c340d1b71ed05cfcc9af9,[고고! 중등 초급]10.나만의 그림판만들기_더나아가기,쉬움,기타,"마우스로 연필을 움직여 그림을 그릴 수 있고,   지우개를 클릭하면 지울 수도 있는 그림판을 완성해 봅시다.",물감 오브젝트를 클릭하면 붓의 색이 바뀌도록 합니다. | 화살표 오브젝트를 클릭하면 붓의 굵기가 굵어지도록 합니다. | 별 오브젝트를 클릭하면 붓이 반투명해지도록 합니다.
589c346ba98f578b272498b9,https://playentry.org/study/lecture/589c346ba98f578b272498b9,[고고! 중등 초급]11.팔 벌려 뛰기 횟수 세기_기본,쉬움,기타,마우스를 한번 클릭할 때마다 팔 벌려 뛰기를   한번 실시하고 ‘횟수’가 1씩 증가하도록 해 봅시다.,모양 바꾸기로 팔 벌려 뛰기를 표현할 수 있다. | 변수의 필요성을 알고 이를 통해 횟수를 셀 수 있다.
589c34d3fb2fe38b5cde1fcd,https://playentry.org/study/lecture/589c34d3fb2fe38b5cde1fcd,[고고! 중등 초급]11.팔벌려뛰기 횟수세기_더나아가기,쉬움,기타,엔트리봇의 걸음 수를 세는 작품을 만들어봅시다.,엔트리봇에 들어 있는 모양을 이용하여 걷는 모습을 표현하고 아래의 블록을 활용하여 위치를 이동시킵니다.
589c35383be2857bf1aab0eb,https://playentry.org/study/lecture/589c35383be2857bf1aab0eb,[고고!중등초급]12.암호를입력해보물상자를열어요_기본,쉬움,기타,암호를 입력하면 미리 설정된 ‘암호값’ 변수와 입력된 암호 값을 비교하여 맞으면 소리와 함께 상자가 열리며 ‘보물 획득’ 메시지가 출력되고 틀리면 ‘획득 실패’ 메시지가 출력되도록 한다.,키보드로 질문에 대한 대답을 입력받도록 할 수 있다. | 변수에 비밀번호를 저장할 수 있다. | 입력한 비밀번호가 맞는지 확인하여 다른 결과를 보여주도록 만들 수 있다.
589c3589a98f578b272499ad,https://playentry.org/study/lecture/589c3589a98f578b272499ad,[고고중등초급]12암호를입력해보물상자를열어요_더나아가기,쉬움,기타,암호를 입력하면 미리 설정된 ‘암호값’ 변수와 입력된 암호 값을 비교하여 맞으면 소리와 함께 상자가 열리며 ‘보물 획득’ 메시지가 출력되고 틀리면 ‘획득 실패’ 메시지가 출력되도록 한다.,암호를 맞혔을 때 보물 상자가 열린 모양으로 바뀝니다. | 암호가 틀렸을 경우 다시 암호를 물어봅니다.
589c35ed763161500737fcd3,https://playentry.org/study/lecture/589c35ed763161500737fcd3,[고고! 중등 초급]13.두더지 게임 만들기_기본,쉬움,기타,"두더지가 땅에서 갑자기 나타났다 사라집니다. 두더지가 나타났을 때, 마우스로 뿅망치를 움직여 두더지를 때립니다.
두더지를 때리면 점수가 증가합니다. 30초가 지나면 게임이 종료!
30초 동안 몇 마리의 두더지를 잡을 수 있을까요?",오브젝트가 예상할 수 없는 시간에 등장하도록 할 수 있다. | 변수를 활용하여 두더지를 잡을 때마다 점수가 증가하도록 만들 수 있다. | 초시계를 활용하여 30초 동안 진행되는 게임을 만들 수 있다.
589c365457e32c7c25d62d12,https://playentry.org/study/lecture/589c365457e32c7c25d62d12,[고고! 중등 초급]13.두더지 게임 만들기_더나아가기,쉬움,기타,"두더지가 땅에서 갑자기 나타났다 사라집니다. 두더지가 나타났을 때, 마우스로 뿅망치를 움직여 두더지를 때립니다.
두더지를 때리면 점수가 증가합니다. 30초가 지나면 게임이 종료!
30초 동안 몇 마리의 두더지를 잡을 수 있을까요?",마우스를 클릭하면 뿅망치를 때린 상태로 있다가 마우스 클릭을 해제하면 뿅망치가 원래대로 돌아옵니다. | 두더지가 나타날 때 화면의 무작위 위치에서 나타납니다.
589c36f3be1fed29346dfa2d,https://playentry.org/study/lecture/589c36f3be1fed29346dfa2d,[고고! 중등 초급]14.육상 선수의 점핑 게임_기본,쉬움,기타,"배경이 왼쪽으로 움직이니 제자리 뛰기를 하는 육상선수는 마치 앞으로 달려가는 것처럼 보입니다. 스페이스 키를 누르면 육상선수가 점프를 합니다.
뱀은 예상할 수 없는 시간에 등장하여 왼쪽으로 지나갑니다.
뱀을 뛰어넘지 못하면 게임 종료! 
게임이 끝날 때까지의 시간을 구해봅시다.",좌표를 활용하여 배경이 계속해서 이어지는 효과를 만들 수 있다. | 오브젝트가 예상할 수 없는 시간에 등장하도록 할 수 있다. | 초시계를 활용하여 게임이 끝날 때까지의 시간을 측정할 수 있다.
589c37573e303c4fc90ba2bc,https://playentry.org/study/lecture/589c37573e303c4fc90ba2bc,[고고! 중등 초급]14.육상선수의 점핑게임_더나아가기,쉬움,기타,"배경이 왼쪽으로 움직이니 제자리 뛰기를 하는 육상선수는 마치 앞으로 달려가는 것처럼 보입니다. 스페이스 키를 누르면 육상선수가 점프를 합니다.
뱀은 예상할 수 없는 시간에 등장하여 왼쪽으로 지나갑니다.
뱀을 뛰어넘지 못하면 게임 종료! 
게임이 끝날 때까지의 시간을 구해봅시다.",육상선수가 점프를 하는 동시에 좌/우로도 움직일 수 있도록 한다. | 별 오브젝트가 중간중간 등장하여 먹으면 점수가 증가하도록 한다. | 시간이 흐를수록 게임의 속도가 빨라져 게임 난이도가 증가하도록 한다.
589c382657e32c7c25d62d60,https://playentry.org/study/lecture/589c382657e32c7c25d62d60,[고고! 중등 중급]6.사진으로 동영상 만들기_기본,중간,기타,연속된 여러장의 사진을 이용하여 동영상을 만들어 봅시다. 동영상을 만들어보고 동영상의 속도를 조절할 수 있도록 만들어봅시다.,연속 촬영한 사진을 동영상으로 만들 수 있다. | 변수를 활용하여 동영상의 속도를 조절할 수 있다.
589c38803cff391f762bd0be,https://playentry.org/study/lecture/589c38803cff391f762bd0be,[고고! 중등 중급]6.사진으로 동영상만들기_더나아가기,중간,기타,연속된 여러장의 사진을 이용하여 동영상을 만들어 봅시다. 동영상을 만들어보고 동영상의 속도를 조절할 수 있도록 만들어봅시다.,엔트리봇 오브젝트를 추가하여 동영상 안에 넣고 같이 움직일 수 있도록 해본다. | 키보드를 이용하여 시간차 값을 조절해본다. | 소리블록을 추가하여 동영상에 어울리는 소리를 재생해본다.
589c38e7d66f577bbfa911e3,https://playentry.org/study/lecture/589c38e7d66f577bbfa911e3,[고고! 중등 중급]7.자동 기사 작성 로봇_기본,중간,기타,신문기사에 쓰이는 핵심 키워드들을 변수에 입력받아 자동으로 기사를 출력하는 프로그램을 만들어봅시다.,신문기사에서 패턴을 분석하고 변수로 만들 키워드들을 찾을 수 있다. | 변수를 활용하여 자동기사 작성 로봇을 만들 수 있다.
589c393ca51c7212ebc81797,https://playentry.org/study/lecture/589c393ca51c7212ebc81797,[고고! 중등 중급]7.자동 기사 작성 로봇_더나아가기,중간,기타,신문기사에 쓰이는 핵심 키워드들을 변수에 입력받아 자동으로 기사를 출력하는 프로그램을 만들어봅시다.,기사의 글씨체를 바꾸어본다. | 기사가 출력되었을 때 스페이스바를 누르면 글상자안의 내용이 지워질 수 있도록 만들어 본다. | 기사에 현재 날짜를 추가해본다.
589c39de0ca0c85fb46a6b0c,https://playentry.org/study/lecture/589c39de0ca0c85fb46a6b0c,[고고! 중등 중급]8.주민등록번호 분석기_기본,중간,기타,주민등록번호를 입력하여 개인의 정보를 분석하는 프로그램을 만들어 봅시다. 개인정보의 유출이 얼마나 위험한지 알아봅시다.,개인정보 유출의 심각성에 대해 이해할 수 있다. | 주민등록번호에 들어있는 개인정보를 문자열 관련 명령어로 분석할 수 있다.
589c3a3c0cf13cc9c58de15f,https://playentry.org/study/lecture/589c3a3c0cf13cc9c58de15f,[고고! 중등 중급]8.주민등록번호 분석기_더나아가기,중간,기타,주민등록번호를 입력하여 개인의 정보를 분석하는 프로그램을 만들어 봅시다. 개인정보의 유출이 얼마나 위험한지 알아봅시다.,주민등록번호를 앞 7자리까지 입력받는다. | 1번을 통해 입력받은 데이터를 분석하여 입력한 사람의 성별이 남자인지 여자인지 판별해본다. | 주민등록번호 전체를 입력받아 추가적인 정보를 획득해본다.
589c3a7f3cff391f762bd0ef,https://playentry.org/study/lecture/589c3a7f3cff391f762bd0ef,[고고! 중등 중급]9.자판기 프로그램 만들기_기본,중간,기타,구입할 음료수를 클릭한 후 투입금액을 키보드로 입력하면 거스름돈을 자동으로 알려주는 프로그램을 만들어봅시다.,산술연산을 활용하여 총 주문금액을 구할 수 있다. | 산술연산과 비교연산을 활용하여 거스름돈을 구할 수 있다.
589c3acb8a3ad47ba47abdc7,https://playentry.org/study/lecture/589c3acb8a3ad47ba47abdc7,[고고! 중등 중급]9.자판기 프로그램만들기_더나아가기,중간,기타,구입할 음료수를 클릭한 후 투입금액을 키보드로 입력하면 거스름돈을 자동으로 알려주는 프로그램을 만들어봅시다.,"‘거스름돈’을 변수로 생성하여 이용해 봅시다. | 음료수를 클릭했을 때 “몇 개를 입력하시겠습니까?”라고 물으며 음료수 개수를 입력받아봅시다. | 거스름돈을 만원, 오천원, 천원, 오백원, 백원 단위로 줄 수 있도록 만들어 봅시다."
589c3b162cc19305b5368bf4,https://playentry.org/study/lecture/589c3b162cc19305b5368bf4,[고고! 중등 중급]10.불꽃놀이 디자인_기본,중간,기타,마우스를 클릭하면 불꽃이 하늘 위로 올라가 터질 수 있도록 만들어봅시다. 불꽃처럼 보일 수 있게 불규칙적인 시간에 터지고 다양한 색깔로도 터질 수 있도록 만들어 봅시다.,나만의 불꽃놀이 모양을 디자인 할 수 있다. | 복제본과 연산을 활용하여 내가 만든 불꽃놀이 모양을 구현할 수 있다.
589c3b6e763161500737fd26,https://playentry.org/study/lecture/589c3b6e763161500737fd26,[고고! 중등 중급]10.불꽃놀이 디자인_더나아가기,중간,기타,마우스를 클릭하면 불꽃이 하늘 위로 올라가 터질 수 있도록 만들어봅시다. 불꽃처럼 보일 수 있게 불규칙적인 시간에 터지고 다양한 색깔로도 터질 수 있도록 만들어 봅시다.,불꽃의 크기를 바꾸어 봅시다. | 불꽃이 x축으로 무작위로 나올 수 있도록 바꾸어 봅시다. | 불꽃을 두 개이상 만들어 봅시다.
589c3d0fbe1fed29346dface,https://playentry.org/study/lecture/589c3d0fbe1fed29346dface,[고고! 중등 중급]11.나만의 영어단어장 만들기_기본,중간,기타,화면에 제시된 단어를 맞출 수 있도록 만들어 봅시다. 영어단어가 제시되면 한글로 뜻을 입력해보고 한글단어가 제시되면 영어로 뜻을 입력해봅시다.,리스트를 활용하여 영어단어와 한글 뜻을 정리할 수 있다. | 무작위수와 리스트 항목삭제를 활용하여 영어단어 문제를 낼 수 있다. | 리스트의 항목 수 만큼 반복함으로써 단어 암기어플을 완성할 수 있다.
589c3d7e0cf13cc9c58de1f7,https://playentry.org/study/lecture/589c3d7e0cf13cc9c58de1f7,[고고!중등 중급]11.나만의영어단어장만들기_더나아가기,중간,기타,화면에 제시된 단어를 맞출 수 있도록 만들어 봅시다. 영어단어가 제시되면 한글로 뜻을 입력해보고 한글단어가 제시되면 영어로 뜻을 입력해봅시다.,영어단어와 한글단어를 각각 추가해봅시다. | 오답일시 맨 앞글자 힌트를 주도록 합니다. | 정답을 맞출 때 이벤트로 소리를 넣어봅시다.
589d47aebe1fed29346e0e00,https://playentry.org/study/lecture/589d47aebe1fed29346e0e00,[고고! 중등 중급]12.탐색프로그램만들기(1)_기본,중간,기타,찾고자 하는 책 이름을 검색했을 때 책이 몇 번 위치에 있는 알려주는 프로그램을 만들어 봅시다.,순차탐색의 방법을 활용하여 도서관 책 검색 프로그램을 만들 수 있다. | 이진탐색의 방법을 활용하여 숫자 맞추기 게임을 만들 수 있다.
589d482f7b6ad85fce47c6e3,https://playentry.org/study/lecture/589d482f7b6ad85fce47c6e3,[고고!중등중급]12.탐색프로그램만들기(1)_더나아가기,중간,기타,찾고자 하는 책 이름을 검색했을 때 책이 몇 번 위치에 있는 알려주는 프로그램을 만들어 봅시다.,책 목록을 더 추가해봅시다. | 번호를 입력하면 책 이름이 출력될 수 있는 프로그램을 만들어 봅시다. | 책이 총 몇 권이 있는지 알 수 있는 프로그램을 만들어 봅시다.
589d48cee89f971306ae4456,https://playentry.org/study/lecture/589d48cee89f971306ae4456,[고고! 중등 중급]12.탐색프로그램만들기(2)_기본,중간,기타,컴퓨터가 무작위로 정한 1부터 100사이의 임의의 숫자를 이진탐색 알고리즘을 이용하여 찾아봅시다.,순차탐색의 방법을 활용하여 도서관 책 검색 프로그램을 만들 수 있다. | 이진탐색의 방법을 활용하여 숫자 맞추기 게임을 만들 수 있다.
589d496e20d8fa291a4eae89,https://playentry.org/study/lecture/589d496e20d8fa291a4eae89,[고고! 중등 중급]13.키순서정렬프로그램_기본,중간,기타,리스트에 순서없이 키가 정렬되어 있을 때 키가 큰 순서대로 정렬하는 프로그램을 만들어 봅시다.,선택정렬의 방법을 이용하여 10명의 키를 큰 수부터 차례로 정렬하는 프로그램을 만들 수 있다.
589d49f6b7e56829a0c71761,https://playentry.org/study/lecture/589d49f6b7e56829a0c71761,[고고!중등중급]13.키순서정렬프로그램_더나아가기,중간,기타,리스트에 순서없이 키가 정렬되어 있을 때 키가 큰 순서대로 정렬하는 프로그램을 만들어 봅시다.,원소를 10개 더 추가해봅시다. | 숫자가 작은 순서대로 배열하는 프로그램을 만들어봅시다. | 정렬이 끝나고 나면 가장 큰 숫자와 가장 작은 숫자를 출력하는 프로그램을 만들어봅시다.
58a16ce2c94212c9fb8b7ea8,https://playentry.org/study/lecture/58a16ce2c94212c9fb8b7ea8,[소프트웨어야 놀자] 추상화 그리기,쉬움,기타,"물감을 캔버스에 뿌리거나, 붓에 찍어 흘리는 방식으로 미술작품을 만드는 방식을 액션페인팅이라 합니다. 
잭슨폴록은 이와 같은 방법으로 많은 추상화를 만들었습니다.
오늘날은 물감과 캔버스 대신 코드로도 미술 작품을 만들 수 있게 되었습니다.
이번시간에는 마우스클릭으로 추상화를 그릴 수 있는 작품을 만들어 봅시다.",반복구조로 오브젝트가 마우스위치를 계속 따라다니게 할 수 있다. | 키보드를 클릭했을 때 모양을 바꾸거나 붓효과를 지울 수 있다. | 마우스를 클릭했을 때 무작위수를 활용하여 추상화를 그리게 할 수 있다.
58aaae1036725106dcac0e4c,https://playentry.org/study/lecture/58aaae1036725106dcac0e4c,[소프트웨어야 놀자] 그림판 만들기,쉬움,기타,정보 없음,정보 없음
58b3dd315f62018ec0e09599,https://playentry.org/study/lecture/58b3dd315f62018ec0e09599,[소프트웨어야 놀자] 과학_자석에 붙을까?,쉬움,기타,"3학년 1학기 과학 2단원 자석의 이용 2차시 학습 문제와 관련된 프로젝트를 만들어 봅니다. 

1. 자석에 붙는 물체와 자석에 붙지 않는 물체를 구분합니다. 

2. 자석에 붙는 물체는 자석에 달라 붙게 합니다. 

3. 자석에 붙지 않는 물체는 자석에 붙지 않는 물체 공간으로 이동합니다.",(과학+소프트웨어) 자석에 붙는 물체와 붙지 않는 물체를 구분하는 프로젝트를 만들 수 있다.
58bd10e41bfc60fe7a3346ac,https://playentry.org/study/lecture/58bd10e41bfc60fe7a3346ac,"[소프트웨어야 놀자] 수학, 그래프 표현하기",중간,기타,"4학년 1학기 수학 6단원 막대그래프 3-4차시에서 배우는 그래프 그리기와 관련된 프로젝트 입니다. 

1. 연도별 데이터값 묻기
2. 입력된 데이터값을 막대그래프 형태로 표현하기",(수학+SW) 그래프를 표현하는 프로젝트를 만들 수 있다.
58c666c0bd8e4593c6855baa,https://playentry.org/study/lecture/58c666c0bd8e4593c6855baa,[소프트웨어야 놀자] 사회_다양한 가족,쉬움,기타,"4학년 2학기 사회 2단원 사회변화와 우리 생활의 확대가족과 핵가족 알아보기 차시에서 활용할 수 있습니다. 

1.확대가족과 핵가족의 의미 알아보기 
2. 확대가족과 핵가족을 소개하는 프로젝트 만들기 
3. 다양한 가족의 형태 소개 추가하여 나만의 프로젝트 만들기",(사회+소프트웨어) 다양한 가족의 형태를 소개하는 프로젝트를 만들 수 있다.
58d32d1aea74fcaacd805dd5,https://playentry.org/study/lecture/58d32d1aea74fcaacd805dd5,[소프트웨어야 놀자] 미술_색깔 만들기,중간,기타,"3학년 미술 10단원 색과 빛 1차시 혼색하기에서 활용할 수 있는 프로젝트를 만들 수 있습니다. 

1. 색과 색을 섞었을 때 나타나는 색 알기
2. 혼색의 결과로 나타나는 색을 프로젝트로 만들기",(미술+SW) 색깔을 합성하는 프로젝트를 만들 수 있다.
58d9eaf6cd9019536dc4e35f,https://playentry.org/study/lecture/58d9eaf6cd9019536dc4e35f,[소프트웨어야 놀자] 자율주행차량,중간,기타,"운전자가 운전하지 않아도 되는 스스로 주행할 수 있는 자동차. 일명 자율주행차라고 합니다.
지금도 유명한 자동차회사는 앞 다투어 개발에 힘쓰고 있는데요. 
방심하여 위험하고 아찔했던 순간에 자동차를 스스로 위험에서 벗어나게 할 자율주행차.
이번 시간에는 앞 자동차와 가까워지면 속도를 줄이는 자율주행차량을 만들어 봅시다!",배경 이동을 통해 속도감을 표현할 수 있다. | 오브젝트가 다른 오브젝트에 닿았을 때 움직임의 변화를 만들 수 있다.
58eaea15d41fbb52c9b72cc7,https://playentry.org/study/lecture/58eaea15d41fbb52c9b72cc7,[소프트웨어야 놀자] 센서신호등,쉬움,기타,"신호등을 건너야 할 때 갑자기 애매한 신호 때문에 아찔했던 광경을 본 적이 있나요?
녹색 불이 켜져도 항상 좌우를 살피고 건너야 하는 것은 자동차가 신호를 못보고 빠른 속도로 
지나갈 수 있기 때문입니다. 더욱 더 안전한 횡단보도를 만들기 위해 센서신호등을 만들어
보겠습니다.",오브젝트가 다른 오브젝트에 닿았을 때 특정명령을 수행할 수 있다. | 모양바꾸기를 활용할 수 있다. | 신호를 만들고 주고 받을 수 있다.
58eb204224f51d0c01176461,https://playentry.org/study/lecture/58eb204224f51d0c01176461,[소프트웨어야 놀자] 원격화면제어,중간,기타,"컴퓨터가 고장나서 전문가의 도움이 필요할 때, 찾아오기 멀어 컴퓨터를 전문가가 원격제어하여 
고쳐 준 경험이 있나요? 이번 시간에는 왼쪽 스마트 폰 화면의 동작이 오른 쪽 PC 화면과 함께 
되어지도록 만들어봅시다. 또, 스마트 폰 아이콘을 클릭했을 때 PC 화면에서 실행되도록 
만들어 봅시다.",신호를 생성하고 주고 받을 수 있다. | 오브젝트가 마우스를 따라 움직일 수 있게 할 수 있다. | 소리재생과 소리추가를 할 수 있다. | 모양 숨기기와 보이기를 활용할 수 있다. | 오브젝트 복제본 만들기를 활용할 수 있다.
58eb204aff707a7c679c9cdf,https://playentry.org/study/lecture/58eb204aff707a7c679c9cdf,[생활속에서 만나는 소프트웨어]원격화면제어의 사본,중간,기타,"컴퓨터가 고장나서 전문가의 도움이 필요할 때, 찾아오기 멀어 컴퓨터를 전문가가 원격제어하여 
고쳐 준 경험이 있나요? 이번 시간에는 왼쪽 스마트 폰 화면의 동작이 오른 쪽 PC 화면과 함께 
되어지도록 만들어봅시다. 또, 스마트 폰 아이콘을 클릭했을 때 PC 화면에서 실행되도록 
만들어 봅시다.",신호를 생성하고 주고 받을 수 있다. | 오브젝트가 마우스를 따라 움직일 수 있게 할 수 있다. | 소리재생과 소리추가를 할 수 있다. | 모양 숨기기와 보이기를 활용할 수 있다. | 오브젝트 복제본 만들기를 활용할 수 있다.
58eeea50bd9a2ead5a9f5106,https://playentry.org/study/lecture/58eeea50bd9a2ead5a9f5106,06.[입출력] 암호를 입력해 보물상자를 열어요,중간,기타,"집에 들어갈 때 열쇠 대신 사용하는 전자 도어락의 원리가 궁금하지 않나요?
보물상자에 암호장치를 설계해보며 이번 시간 중요한 개념인 ‘입출력’을 통해 전자 도어락이 어떠한 원리로 작동하는지 알아봅시다.",묻고 대답 기다리기를 통해 입력과 출력을 알 수 있다. | 소리와 모양을 추가하여 작품을 더욱 재미있게 꾸밀 수 있다.
58fd9e63d3c4b60781ae0e9c,https://playentry.org/study/lecture/58fd9e63d3c4b60781ae0e9c,[소프트웨어야 놀자] 12지신 띠 계산기,중간,기타,"우리는 태어난 해에 따라 12마리 동물의 띠이름을 얻게 됩니다. 이것을 12지신이라고 합니다.
혹시 주변 사람의 띠가 궁금했던 적이 있었나요? 태어난 해를 입력하면 자동으로 띠를 알 수 
있도록 띠 계산기를 만들어 봅시다.","오브젝트의 좌표이동을 할 수 있다. | 묻고 답하기를 통해 입력창을 이용할 수 있다. | 계산식과 등호, 부등호를 활용할 수 있다. | 조건이 들어있는 코드를 만들 수 있다."
59018c755c60119b1f299129,https://playentry.org/study/lecture/59018c755c60119b1f299129,어항 만들기,쉬움,기타,"▶ 무엇을 만들어 볼까?
물고기와 꽃게, 문어가 살아 움직이는 어항을 만들어 봅시다.

▶ 작품 살펴보기
1. 작품을 실행하고 물고기, 꽃게, 문어가 어떻게 움직이는지 살펴봅시다.
2. 마우스를 움직여 봅시다.
3. 키보드 → / ← 키를 눌러 봅시다.",반복 구조로 오브젝트가 마우스 포인터위치로 계속 반복하여 이동하도록 할 수 있다. | 키보드 화살표키를 눌렀을 때 오브젝트의 모양을 바꿀 수 있다.
59018c757baa939aeae0890e,https://playentry.org/study/lecture/59018c757baa939aeae0890e,꽃송이 만들기_초3초급,쉬움,예술,"▶ 무엇을 만들어 볼까?
꽃잎 도장을 여러 번 찍어 꽃송이를 만들어 봅시다.

▶ 작품 살펴보기
1. 꽃잎이 한 바퀴 돌아 꽃을 만드는 것을 살펴 봅시다.
2. 꽃잎의 색 변화를 살펴 봅시다.",순서대로 블록을 조립해 꽃송이를 만들 수 있다. | 반복 구조로 꽃잎 도장을 입력한 횟수만큼 반복해 찍을 수 있다.
59018c761f4f9d9b391c59c1,https://playentry.org/study/lecture/59018c761f4f9d9b391c59c1,파리잡기 게임 만들기,쉬움,기타,"▶ 무엇을 만들어 볼까?
날아다니는 파리를 클릭해 잡는 게임을 만들어봅시다.

▶ 작품 살펴보기
1. 파리가 날아다니는 모습을 살펴봅시다.
2. 파리를 클릭해 봅시다.",반복 구조로 파리가 계속 반복해서 날아다니도록 할 수 있다. | 마우스로 파리를 클릭했을 때 파리를 잡는 게임을 만들 수 있다.
59018c765c60119b1f29912b,https://playentry.org/study/lecture/59018c765c60119b1f29912b,엔트리봇 움직이기,쉬움,기타,"▶ 무엇을 만들어 볼까?
엔트리봇을 움직이며 엔트리의 기초를 배워봅시다.

▶ 작품 살펴보기
1. 작품을 실행하면 엔트리봇이 말을 합니다.
2. 말이 끝나면 엔트리봇이 색깔을 바꾸며 걸어갑니다.",엔트리봇이 말을 하도록 해 봅시다. | 엔트리봇의 색을 알록달록하게 바꾸어 봅시다. | 엔트리봇이 화면을 달려 다니도록 만들어 봅시다.
59018c765c60119b1f29912d,https://playentry.org/study/lecture/59018c765c60119b1f29912d,두더지 잡기 게임 만들기,쉬움,기타,"▶ 무엇을 만들어 볼까?
요리조리 피해다니는 두더지를 마우스로 잡는 게임을 만들어 봅시다.

▶ 작품 살펴보기
1. 마우스로 두더지를 잡아 봅시다. 
2. 15초 동안 게임을 해 봅시다.",변수를 이용하여 점수가 있는 게임을 만들 수 있다. | 반복과 선택구조로 시간제한이 있는 게임을 만들 수 있다. | 마우스로 두더지를 클릭했을 때 두더지를 잡는 효과를 만들 수 있다. | 무작위수를 이용하여 두더지를 무작위 위치로 이동시킬 수 있다.
59018c76f7e6269b0575a45c,https://playentry.org/study/lecture/59018c76f7e6269b0575a45c,도장으로 미술 작품 만들기_초3초급,쉬움,예술,"▶ 무엇을 만들어 볼까?
다양한 동물과 식물로 도장을 찍어 미술 작품을 만들어 봅시다.

▶ 작품 살펴보기
1. 작품을 실행하고 마우스를 움직여봅시다.
2. 마우스를 클릭해 봅시다.
3. 키보드 ↑, ↓ 키를 눌러 봅시다.
4. 스페이스 키를 눌러 봅시다.",반복 구조로 오브젝트가 마우스 포인터 위치를 계속 따라오도록 할 수 있다. | 키보드를 눌렀을 때 오브젝트의 크기와 모양을 바꿀 수 있다. | 마우스를 클릭했을 때 도장을 찍을 수 있다.
59018c76f7e6269b0575a45e,https://playentry.org/study/lecture/59018c76f7e6269b0575a45e,애완동물 만들기,쉬움,기타,"▶ 무엇을 만들어 볼까?
키보드로 움직일 수 있는 애완동물을 만들어 봅시다.

▶ 작품 살펴보기
1. 작품을 실행하고 키보드의 → / ← / ↑ / ↓ 키를 눌러 봅시다.
2. 스페이스 키를 눌러 봅시다.",반복구조로 강아지의 방향을 바꾸고 이동시킬 수 있다. | 키보드 화살표키를 눌렀을 때 강아지가 움직이도록 할 수 있다.
59018c76f7e6269b0575a460,https://playentry.org/study/lecture/59018c76f7e6269b0575a460,초급_계산 로봇 만들기,쉬움,생활과 도구,"▶ 무엇을 만들어 볼까?
두 수를 입력받아 덧셈을 해주는 로봇을 만들어봅시다.

▶ 작품 살펴보기
1. 두 수를 입력해봅시다.
2. 두 수의 덧셈 결과를 확인해 봅시다.",변수를 이용하여 두 수를 입력받아 연산결과를 출력할 수 있다. | 두 정보를 합쳐서 표현할 수 있다.
59018c771f4f9d9b391c59c3,https://playentry.org/study/lecture/59018c771f4f9d9b391c59c3,초급_생일 축하 카드 만들기,쉬움,스토리텔링,"▶ 무엇을 만들어 볼까?
마우스로 누르면 반응하는 생일 축하 카드를 만들어 봅시다.

▶ 작품 살펴보기
1. 남학생을 클릭하고 움직임을 살펴봅시다.
2. 여학생을 클릭하고 움직임을 살펴봅시다.",순서대로 블록을 조립하여 오브젝트를 움직일 수 있다. | 반복구조로 오브젝트를 입력한 횟수만큼 움직이거나 변화시킬 수 있다. | 마우스로 오브젝트를 클릭했을 때 특정 행동을 하는 애니메이션을 만들 수 있다.
59018c775c60119b1f299133,https://playentry.org/study/lecture/59018c775c60119b1f299133,핑퐁게임 만들기,쉬움,기타,"▶ 무엇을 만들어 볼까?
마우스로 판을 움직여 공을 튕기게 하는 핑퐁게임을 만들어 봅시다.

▶ 작품 살펴보기
1. 마우스로 판을 움직여 봅시다.
2. 공이 내려오면 판으로 공을 받아 봅시다.
3. 공이 화면 아래에 닿게 해 봅시다.
4. 15초 동안 게임을 해 봅시다.",변수를 이용하여 점수가 있는 게임을 만들 수 있다. | 반복과 선택구조로 시간제한이 있는 게임을 만들 수 있다. | 반복과 선택구조로 특정조건에서 오브젝트의 움직임에 변화를 줄 수 있다. | 비교연산을 활용하여 두 값을 비교할 수 있다.
59018c777baa939aeae08912,https://playentry.org/study/lecture/59018c777baa939aeae08912,숫자맞히기 놀이,쉬움,기타,"▶ 무엇을 만들어 볼까?
선생님이 정한 숫자를 맞혀보는 숫자 맞히기 놀이를 해 봅시다.

▶ 작품 살펴보기
1. 작품을 실행하고 숫자를 입력해 봅시다.
2. 선생님이 생각한 숫자를 맞힐 때까지 숫자를 입력해 봅시다.","변수를 이용하여 숫자정보를 저장하고, 사용할 수 있다. | 선택구조로 숫자를 입력받고 숫자에 따라 다른 결과를 출력할 수 있다. | 비교연산을 이용하여 입력받은 숫자와 저장한 숫자를 비교할 수 있다. | 반복 구조로 숫자를 계속 반복해서 묻고 맞혔을 경우 반복을 중단 할 수 있다."
59018c77f7e6269b0575a462,https://playentry.org/study/lecture/59018c77f7e6269b0575a462,초급_세계의 국가 수도 맞히기,쉬움,게임,"▶ 무엇을 만들어 볼까?
문제를 내고 맞히는 퀴즈 프로그램을 만들어봅시다.

▶ 작품 살펴보기
1. 정답으로 베이징, 파리를 각각 입력해 봅시다.
2. 정답일 경우와 틀렸을 경우 결과를 확인해 봅시다.","문제의 정답을 입력받아 정답과 비교하고, 비교 결과에 따라 다른 결과를 출력할 수 있다. | 선택구조로 대답값과 정답을 비교하여 다른 명령을 실행할 수 있다. | 반복 구조로 문제를 계속 반복해서 내고 맞혔을 경우 반복을 중단 할 수 있다."
59018c77f7e6269b0575a464,https://playentry.org/study/lecture/59018c77f7e6269b0575a464,주차게임 만들기,쉬움,기타,"▶ 무엇을 만들어 볼까?
키보드로 자동차를 움직여 주차하는 게임을 만들어 봅시다.

▶ 작품 살펴보기
1. 키보드 ↑ / ↓ 키를 각각 눌러봅시다
2. → 키와 ↑ / ↓키를 동시에 눌러봅시다.
3. ← 키와 ↑ / ↓키를 동시에 눌러봅시다.
4. 성공지점, 주차라인, 벽에 각각 닿아 봅시다.","반복과 선택구조로 특정 조건에 따라 자동차를 이동, 회전 시킬 수 있다. | 논리연산을 이용하여 여러 조건들을 또는/그리고로 표현할 수 있다."
59018c781f4f9d9b391c59c5,https://playentry.org/study/lecture/59018c781f4f9d9b391c59c5,나만의 패턴디자인,쉬움,기타,"▶ 무엇을 만들어 볼까?
모양이 반복되는 예쁜 패턴을 만들어 봅시다.

▶ 작품 살펴보기
1. 작품을 실행하면 어떤 패턴이 만들어 지는지 살펴봅시다.
2. 스페이스 키를 눌러 봅시다.",좌표의 개념을 알고 이동하기 블록을 사용하여 하트를 움직일 수 있다. | 반복구조를 통해 정해진 횟수만큼 하트의 위치를 반복해서 변화시킬 수 있다. | 키보드 스페이스키를 눌렀을 때 모든 도장을 삭제할 수 있다.
59018c785c60119b1f299135,https://playentry.org/study/lecture/59018c785c60119b1f299135,초급_만능 계산기,쉬움,생활과 도구,"▶ 무엇을 만들어 볼까?
두 수와 연산자를 입력받아 계산을 해주는 만능 계산기를 만들어 봅시다.

▶ 작품 살펴보기
1. 두 수와 +를 입력해서 결과를 확인해 봅시다.
2. 두 수와 - 를 입력해서 결과를 확인해 봅시다.",변수를 이용하여 두 수를 입력받아 연산결과를 출력할 수 있다. | 선택구조로 연산자 입력값에 따라 다른 연산결과를 출력할 수 있다.
59018c785c60119b1f299137,https://playentry.org/study/lecture/59018c785c60119b1f299137,초급_로봇청소기 만들기,쉬움,생활과 도구,"▶ 무엇을 만들어 볼까?
장애물을 피하며 구석구석 청소하는 로봇청소기를 만들어봅시다.

▶ 작품 살펴보기
1. 로봇청소기의 움직임을 살펴봅시다.
2. 벽에 닿았을 때 로봇청소기의 움직임을 살펴봅시다.",반복구조로 로봇청소기를 계속 움직일 수 있다. | 선택구조로 로봇청소기가 벽에 닿은 경우에만 회전하도록 할 수 있다.
59018c787baa939aeae08914,https://playentry.org/study/lecture/59018c787baa939aeae08914,엔트리봇 학교 가는 길,쉬움,기타,엔트리봇이 학교까지 갈 수 있도록 미션을 해결해 봅시다.,순서대로 블록을 조립하여 미션을 해결할 수 있다. | '~번 반복하기' 명령을 사용하여 미션을 효율적으로 해결할 수 있다.
59018c78f7e6269b0575a466,https://playentry.org/study/lecture/59018c78f7e6269b0575a466,초급_전자도어락,쉬움,생활과 도구,"▶ 무엇을 만들어 볼까?
비밀번호가 맞으면 문이 열리는 전자도어락을 만들어 봅시다.

▶ 작품 살펴보기
1. 비밀번호에 1234, 9999, 1416을 각각 입력해 봅시다.
2. 비밀번호가 틀렸을 때와 맞았을 때 결과를 확인해 봅시다.",변수를 이용하여 비밀번호를 저장하고 사용할 수 있다. | 선택 구조로 입력값에 따라 암호 일치 여부를 말하게 할 수 있다. | 반복 구조로 비밀번호를 맞힐 때까지 계속 반복해서 묻고 맞혔을 경우 반복을 중단할 수 있다.
59018c79f7e6269b0575a46a,https://playentry.org/study/lecture/59018c79f7e6269b0575a46a,달리기 게임 만들기,쉬움,기타,"▶ 무엇을 만들어 볼까?
남자아이를 눌러 컴퓨터와 달리기 시합을 하는 게임을 만들어봅시다.

▶ 작품 살펴보기
1. 남자아이를 눌러 움직여봅시다.
2. 검은 남자의 움직임을 살펴봅시다.",순서대로 블록을 조립하여 오브젝트를 움직일 수 있다. | 반복구조로 오브젝트를 계속 움직일 수 있다. | 선택구조로 오브젝트가 벽에 닿은경우 게임이 끝나게 할 수 있다. | 마우스로 오브젝트를 클릭했을 때 오브젝트를 움직일 수 있다.
5906d478db5a11dec3ff71cf,https://playentry.org/study/lecture/5906d478db5a11dec3ff71cf,[소프트웨어야 놀자] 재미있는 퀴즈 게임,쉬움,기타,"할아버지가 좋아하는 돈은 무엇일까요? 정답은 ‘할머니’입니다.  친구들과 이런 재미있는 퀴즈 놀이를 해 본적이 있나요?
오늘은 여러 문제를 낼 수 있고, 정답여부에 따라 다른 반응을 하는 재미있는 퀴즈 게임을 만들어 봅시다.",퀴즈를 묻고 답을 입력받을 수 있다. | 정답 여부에 따라 다른 반응을 보이게 할 수 있다.
591015c73d4ece638bb69f7c,https://playentry.org/study/lecture/591015c73d4ece638bb69f7c,[소프트웨어야 놀자] 피하기 게임,쉬움,기타,"하늘에서 불던 바람이 회오리바람이 되어 땅으로 내려오기 시작합니다.
근처를 지나가던 펭귄은 회오리바람에 빨려 들어가지 않기 위해 도망가야만 합니다. 
과연 펭귄은 회오리바람을 무사히 피할 수 있을까요?
오늘은 키보드로 펭귄을 움직여 회오리를 피하는 게임을 만들어 봅시다.","키보드로 펭귄을 움직일 수 있다. | 회오리 바람이 위에서 아래로 내려오게 할 수 있다. | 펭귄이 회오리바람에 닿았을 때, 초시계가 10초가 되었을 때 다른 행동을 할 수 있다."
591d4314734dff692cec1b82,https://playentry.org/study/lecture/591d4314734dff692cec1b82,파리잡기 게임 만들기_초3초급,쉬움,게임,"▶ 무엇을 만들어 볼까?
날아다니는 파리를 클릭해 잡는 게임을 만들어봅시다.

▶ 작품 살펴보기
1. 파리가 날아다니는 모습을 살펴봅시다.
2. 파리를 클릭해 봅시다.",반복 구조로 파리가 계속 반복해서 날아다니도록 할 수 있다. | 마우스로 파리를 클릭했을 때 파리를 잡는 게임을 만들 수 있다.
591d4314ab3fcb68ded983f4,https://playentry.org/study/lecture/591d4314ab3fcb68ded983f4,어항 만들기,쉬움,기타,"▶ 무엇을 만들어 볼까?
물고기와 꽃게, 문어가 살아 움직이는 어항을 만들어 봅시다.

▶ 작품 살펴보기
1. 작품을 실행하고 물고기, 꽃게, 문어가 어떻게 움직이는지 살펴봅시다.
2. 마우스를 움직여 봅시다.
3. 키보드 → / ← 키를 눌러 봅시다.",반복 구조로 오브젝트가 마우스 포인터위치로 계속 반복하여 이동하도록 할 수 있다. | 키보드 화살표키를 눌렀을 때 오브젝트의 모양을 바꿀 수 있다.
591d43f7734dff692cec1bbd,https://playentry.org/study/lecture/591d43f7734dff692cec1bbd,핑퐁게임 만들기,쉬움,기타,"▶ 무엇을 만들어 볼까?
마우스로 판을 움직여 공을 튕기게 하는 핑퐁게임을 만들어 봅시다.

▶ 작품 살펴보기
1. 마우스로 판을 움직여 봅시다.
2. 공이 내려오면 판으로 공을 받아 봅시다.
3. 공이 화면 아래에 닿게 해 봅시다.
4. 15초 동안 게임을 해 봅시다.",변수를 이용하여 점수가 있는 게임을 만들 수 있다. | 반복과 선택구조로 시간제한이 있는 게임을 만들 수 있다. | 반복과 선택구조로 특정조건에서 오브젝트의 움직임에 변화를 줄 수 있다. | 비교연산을 활용하여 두 값을 비교할 수 있다.
591d43f7f942bd6912534aae,https://playentry.org/study/lecture/591d43f7f942bd6912534aae,초급_주차게임 만들기,쉬움,게임,"▶ 무엇을 만들어 볼까?
키보드로 자동차를 움직여 주차하는 게임을 만들어 봅시다.

▶ 작품 살펴보기
1. 키보드 ↑ / ↓ 키를 각각 눌러봅시다
2. → 키와 ↑ / ↓키를 동시에 눌러봅시다.
3. ← 키와 ↑ / ↓키를 동시에 눌러봅시다.
4. 성공지점, 주차라인, 벽에 각각 닿아 봅시다.","반복과 선택구조로 특정 조건에 따라 자동차를 이동, 회전 시킬 수 있다. | 논리연산을 이용하여 여러 조건들을 또는/그리고로 표현할 수 있다."
591e6155c807efea8a206bf3,https://playentry.org/study/lecture/591e6155c807efea8a206bf3,[소프트웨어야 놀자] 숨은 그림 찾기 게임,쉬움,기타,"여학생의 집에 숨은 3개의 그림이 있습니다. 리코더와 하트, 말이 그 주인공입니다.
눈을 크게 뜨고 찾아봐도 잘 보이지 않습니다. 10초 안에 모든 그림을 찾을 수 있을까요? 
오늘은 10초 동안 숨겨진 그림을 찾는 숨은 그림 찾기 게임을 만들어 봅시다.",변수를 활용하여 상태를 나타낼 수 있다. | 조건에 따라 다른 행동을 하게 할 수 있다. | 오브젝트를 클릭했을 때 행동을 하게 할 수 있다.
591e81dfd52833b6f2999375,https://playentry.org/study/lecture/591e81dfd52833b6f2999375,초급_달리기 게임 만들기,쉬움,게임,"▶ 무엇을 만들어 볼까?
여자 아이를 눌러 컴퓨터와 달리기 시합을 하는 게임을 만들어 봅시다.

▶ 작품 살펴보기
1. 노란 옷을 입은 여자 아이를 눌러 움직여봅시다.
2. 남자 어른의 움직임을 살펴봅시다.",순서대로 블록을 조립하여 오브젝트를 움직일 수 있다. | 반복 구조로 오브젝트를 계속 움직일 수 있다. | 선택 구조로 오브젝트가 벽에 닿은 경우 게임이 끝나게 할 수 있다. | 마우스로 오브젝트를 클릭했을 때 오브젝트를 움직일 수 있다.
591e9d6d4957c21c018ba554,https://playentry.org/study/lecture/591e9d6d4957c21c018ba554,애완동물 만들기,쉬움,기타,"▶ 무엇을 만들어 볼까?
키보드로 움직일 수 있는 애완동물을 만들어 봅시다.

▶ 작품 살펴보기
1. 작품을 실행하고 키보드의 → / ← / ↑ / ↓ 키를 눌러 봅시다.
2. 스페이스 키를 눌러 봅시다.",반복구조로 강아지의 방향을 바꾸고 이동시킬 수 있다. | 키보드 화살표키를 눌렀을 때 강아지가 움직이도록 할 수 있다.
591ea003289ea41bcce90ab0,https://playentry.org/study/lecture/591ea003289ea41bcce90ab0,초급_나만의 패턴디자인,쉬움,예술,"▶ 무엇을 만들어 볼까?
모양이 반복되는 예쁜 패턴을 만들어 봅시다.

▶ 작품 살펴보기
1. 작품을 실행하면 어떤 패턴이 만들어 지는지 살펴봅시다.
2. 스페이스 키를 눌러 봅시다.",좌표의 개념을 알고 이동하기 블록을 사용하여 하트를 움직일 수 있다. | 반복구조를 통해 정해진 횟수만큼 하트의 위치를 반복해서 변화시킬 수 있다. | 키보드 스페이스키를 눌렀을 때 모든 도장을 삭제할 수 있다.
591ea2440af1623767b8dcd7,https://playentry.org/study/lecture/591ea2440af1623767b8dcd7,초급_숫자맞히기 놀이,쉬움,게임,"▶ 무엇을 만들어 볼까?
선생님이 정한 숫자를 맞혀보는 숫자 맞히기 놀이를 해 봅시다.

▶ 작품 살펴보기
1. 작품을 실행하고 숫자를 입력해 봅시다.
2. 선생님이 생각한 숫자를 맞힐 때까지 숫자를 입력해 봅시다.","변수를 이용하여 숫자정보를 저장하고, 사용할 수 있다. | 선택구조로 숫자를 입력받고 숫자에 따라 다른 결과를 출력할 수 있다. | 비교연산을 이용하여 입력받은 숫자와 저장한 숫자를 비교할 수 있다. | 반복 구조로 숫자를 계속 반복해서 묻고 맞혔을 경우 반복을 중단 할 수 있다."
591eb8f0c6b3897b0688611c,https://playentry.org/study/lecture/591eb8f0c6b3897b0688611c,어항 만들기_초3초급,쉬움,예술,"▶ 무엇을 만들어 볼까?
물고기와 꽃게, 문어가 살아 움직이는 어항을 만들어 봅시다.

▶ 작품 살펴보기
1. 작품을 실행하고 물고기, 꽃게, 문어가 어떻게 움직이는지 살펴봅시다.
2. 마우스를 움직여 봅시다.
3. 키보드 → / ← 키를 눌러 봅시다.",반복 구조로 오브젝트가 마우스 포인터위치로 계속 반복하여 이동하도록 할 수 있다. | 키보드 화살표키를 눌렀을 때 오브젝트의 모양을 바꿀 수 있다.
5922a4a5e944cb1b23034a01,https://playentry.org/study/lecture/5922a4a5e944cb1b23034a01,[소프트웨어야 놀자] 주사위 던지기 게임,쉬움,기타,"재미있는 주사위 던지기 게임이 있습니다. 이 게임은 각자 2개의 주사위를 던져서
나온 값을 합하여 누가 더 높은지 겨루는 게임입니다. 이 게임의 승자는 누가 될까요?
오늘은 재미있는 주사위 던지기 게임을 만들어 봅시다.",무작위수로 값을 무작위로 정할 수 있다. | 신호 개념을 이해하고 활용할 수 있다. | 조건에 따라 다른 행동을 하게 할 수 있다.
592fdf8d08ffcc9fbc18217c,https://playentry.org/study/lecture/592fdf8d08ffcc9fbc18217c,[소프트웨어야 놀자] 공 옮기기 게임,쉬움,기타,들판위에서 공이 일정한 방향으로 움직이고 있습니다. 공이 이동하는 길목에 상자를 설치하면 공의 방향을 바꿀 수 있습니다. 이렇게 공의 방향을 바꿔서 별에 닿게 하면 점수가 올라갑니다. 오늘은 재미있는 공 옮기기 게임을 만들어 봅시다.,복제본을 생성하고 사용할 수 있다. | 선택 구조를 활용하여 특정한 조건에서 특정 행동을 할 수 있다.
593a306236fd2f205f8e8571,https://playentry.org/study/lecture/593a306236fd2f205f8e8571,[소프트웨어야 놀자] 행성 피하기 게임,쉬움,기타,"우주선이 광활한 우주를 탐험하고 있습니다. 그런데 초록색 행성이 갑자기 나타났습니다.
이 행성은 빠른 속도로 우주선을 향해 다가옵니다. 다행히 조종사는 가까스로 행성을 피했지만
이번에는 다른 행성이 등장합니다. 우주선은 행성을 피해 목적지까지 잘 도착할 수 있을까요?
이번시간에는 마우스를 클릭하여 행성을 피하는 게임을 만들어 봅시다.",선택 구조를 활용하여 다양한 상황에서 특정한 행동을 할 수 있다. | 복제본을 활용하여 한 오브젝트로 동일한 성질을 가진 오브젝트를 여러개 만들 수 있다.
593f79bde14f068fa62dfdec,https://playentry.org/study/lecture/593f79bde14f068fa62dfdec,[소프트웨어야 놀자] 새 막기 게임,쉬움,기타,#NAME?,복제본을 활용하여 오브젝트를 복제할 수 있다. | 반복과 선택구조로 특정한 상황속에서 다른 행동을 하게 할 수 있다.
593f8f0ee8557a9b90551f02,https://playentry.org/study/lecture/593f8f0ee8557a9b90551f02,애완동물 만들기_초3초급,쉬움,생활과 도구,"▶ 무엇을 만들어 볼까?
키보드로 움직일 수 있는 애완동물을 만들어 봅시다.

▶ 작품 살펴보기
1. 작품을 실행하고 키보드의 → / ← / ↑ / ↓ 키를 눌러 봅시다.
2. 스페이스 키를 눌러 봅시다.",반복구조로 강아지의 방향을 바꾸고 이동시킬 수 있다. | 키보드 화살표키를 눌렀을 때 강아지가 움직이도록 할 수 있다.
594b8dbd08480fd63a7b5ae8,https://playentry.org/study/lecture/594b8dbd08480fd63a7b5ae8,[소프트웨어야 놀자] 바운스볼 게임,쉬움,기타,"던지면 높게 튀어오르는 탱탱볼을 사용해서 놀아본 적이 있나요? 
공이 아래로 떨어졌다가 다시 튕기는 모습을 소프트웨어로는 어떻게 만들 수 있을까요?
이번시간에는 튀어오르는 공을 목적지 까지 이동시키는 바운스볼 게임을 만들어 봅시다.",변수를 활용하여 오브젝트가 움직이는 속도를 변경할 수 있다. | 선택과 반복구조를 활용하여 키보드를 눌렀을 때 오브젝트의 위치를 바꿀 수 있다.
5963314bf281c21aa8ebddfd,https://playentry.org/study/lecture/5963314bf281c21aa8ebddfd,[소프트웨어야 놀자] 참참참 게임,쉬움,기타,"친구들과 함께 ‘참참참’ 게임을 하며 놀아본 적이 있나요? 
게임에서 이기기 위해서는 상대방의 손가락이 가리키는 방향을 피해 고개를 돌려야 합니다.
이번시간에는 키보드를 이용해 컴퓨터와 ‘참참참’ 대결을 하는 게임을 만들어 봅시다!",선택 구조를 활용하여 다양한 상황에서 특정한 행동을 할 수 있다. | 신호를 이용하여 오브젝트간 상호작용을 하게 만들 수 있다. | 키보드 입력을 이용하여 다양한 입력에서 특정한 행동을 할 수 있다.
59633204f281c21aa8ebde06,https://playentry.org/study/lecture/59633204f281c21aa8ebde06,[소프트웨어야 놀자] 꽃피우기 게임,쉬움,기타,"여러분은 집이나 학교에서 정성스럽게 화분의 꽃을 키워본 적이 있나요? 
화분에 어떤 식물이 심어져 있는지에 따라 화분을 관리하는 방법이 모두 다릅니다. 
이 게임 속에 있는 화분은 정확히 101방울의 물을 주어야 꽃이 피어나지요. 
이번시간에는 마우스를 이용해 화분에 꽃을 피우는 게임을 만들어 봅시다",오브젝트를 클릭했을때 코드를 멈추고 신호를 보낼 수 있다. | 신호를 이용하여 오브젝트간 상호작용을 하게 만들 수 있다.
5963328919414f9217e8970b,https://playentry.org/study/lecture/5963328919414f9217e8970b,[소프트웨어야 놀자] 과일 짝맞히기 게임,쉬움,기타,"여기 빠르게 모양이 바뀌는 3개의 과일 그림이 있습니다. 이 과일들은 버튼을 누르면 멈추게 됩니다.
버튼을 눌러 3개의 과일을 모두 같은 모양으로 만들 수 있을까요? 
이번 시간에는 과일 짝 맞히기 게임을 만들어 봅시다.",반복구조를 이용하여 과일이 계속 모양을 바꾸도록 할 수 있다. | 신호를 이용하여 오브젝트간 상호작용을 하게 만들 수 있다.
596332f536c8c7532b7ea542,https://playentry.org/study/lecture/596332f536c8c7532b7ea542,[소프트웨어야 놀자] 홀짝 게임,쉬움,기타,"“친구야, 내가 생각하고 있는 수가 짝수인지, 홀수인지 맞춰봐!”
홀짝 놀이는 상대방이 마음속에 정한 수가 짝수인지, 홀수인지 판별하는 놀이입니다.
이번시간에는 컴퓨터와 홀짝 놀이를 하는 게임을 만들어 봅시다.",조건 구조를 활용하여 다양한 상황에서 특정한 행동을 할 수 있다. | 복제본을 활용하여 한 오브젝트로 동일한 성질을 가진 오브젝트를 여러개 만들 수 있다.
5983f782d41ddd0619bbca7e,https://playentry.org/study/lecture/5983f782d41ddd0619bbca7e,파이썬,쉬움,기타,파이썬 실습,파이썬 실습
598bb6ab165b64caf6a26999,https://playentry.org/study/lecture/598bb6ab165b64caf6a26999,[1강] 소프트웨어란 무엇인가요?의 사본,쉬움,기타,"소프트웨어가 중심인 사회, 소프트웨어가 세상을 바꾸는 시대에 우리는 살고 있습니다. 우리 주변에서 소프트웨 어는 활발하게 활용되고 있지만 너무 밀접한 나머지 잘 인식하지 못하고 있는 경우도 있습니다. 우리 생활 주변 에서 소프트웨어가 쓰이는 사례를 찾아보고 발표를 함으로써 소프트웨어가 우리 생활을 편리하고 즐겁게 해주고 있음을 알 수 있도록 합니다. 또한, 소프트웨어가 활용되는 다양한 사례를 함께 살펴보면서 소프트웨어에 대한 이해의 폭을 넓히고 자신이 생각하는 소프트웨어란 무엇인지 말해볼 수 있도록 합니다. 이로써 소프트웨어에 대 한 흥미와 관심을 가지게 하고 소프트웨어를 공부하고자 하는 의욕과 흥미를 유발할 수 있습니다.",주변에서 소프트웨어가 쓰이는 사례를 찾아 발표할 수 있다. | 자신이 생각하는 소프트웨어란 무엇인지 말할 수 있다. | 엔트리의 기본 화면 구성과 블록 명령어 조립 방법을 알 수 있다.
599682d0dbde011d2ebcba99,https://playentry.org/study/lecture/599682d0dbde011d2ebcba99,펭귄 꾸미기,정보 없음,기타,다양한 모양의 도장을 찍어 펭귄을 꾸며 봅시다.,반복 구조로 오브젝트가 마우스 포인터위치로 계속 반복하여 이동하도록 할 수 있다. | 키보드를 눌렀을 때 오브젝트의 크기와 모양을 바꿀 수 있다. | 마우스를 클릭했을 때 도장을 찍을 수 있다.
59cb1527caa5873d697419ff,https://playentry.org/study/lecture/59cb1527caa5873d697419ff,[소프트웨어야 놀자] 반응속도 게임,쉬움,기타,"이 게임은 배경의 색깔이 바뀌었을 때 마우스를 클릭하면 얼마나 빨리 클릭했는지 알려줍니다.
과연 여러분은 얼마나 빠르게 반응 할 수 있을까요? 
이번 시간에는 반응속도 게임을 만들어 봅시다.",변수를 상태를 저장하는 용도로 활용할 수 있다. | 선택 구조를 활용하여 상황에 따라 다르게 동작하는 프로그램을 만들 수 있다.
5a31e368b62360023c8e1566,https://playentry.org/study/lecture/5a31e368b62360023c8e1566,초급_두더지 잡기 게임 만들기,쉬움,게임,"▶ 무엇을 만들어 볼까?
요리조리 피해다니는 두더지를 마우스로 잡는 게임을 만들어 봅시다.

▶ 작품 살펴보기
1. 마우스로 두더지를 잡아 봅시다. 
2. 15초 동안 게임을 해 봅시다.",변수를 이용하여 점수가 있는 게임을 만들 수 있다. | 반복과 선택구조로 시간제한이 있는 게임을 만들 수 있다. | 마우스로 두더지를 클릭했을 때 두더지를 잡는 효과를 만들 수 있다. | 무작위수를 이용하여 두더지를 무작위 위치로 이동시킬 수 있다.
5b2a180193d9f856d3233c05,https://playentry.org/study/lecture/5b2a180193d9f856d3233c05,동물 가족 이야기,중간,기타,"▶ 무엇을 만들어 볼까?
원숭이와 곰, 사자가 대화를 주고받는 작품을 만들어 봅시다.

▶ 작품 살펴보기
1. 키보드의 숫자 1키를 눌러 봅시다.
2. 암사자를 클릭해 봅시다.",순서대로 블록을 조립하여 오브젝트를 움직일 수 있다. | 반복구조로 오브젝트를 입력한 횟수만큼 움직이거나 변화시킬 수 있다. | 키보드를 입력했을 때 특정 행동을 하는 애니메이션을 만들 수 있다. | 신호를 이용해 오브젝트 사이의 상호작용이 이루어지도록 할 수 있다.
5b2a1aab4254443429c2b5c6,https://playentry.org/study/lecture/5b2a1aab4254443429c2b5c6,사막에서 일어난 일,중간,기타,"▶ 무엇을 만들어 볼까?
사막을 여행하는 탐험가의 이야기를 만들어 봅시다.

▶ 작품 살펴보기
1. 작품을 실행하고 화면에 나타나는 글상자를 살펴봅시다.
2. 탐험가의 움직임을 살펴봅시다.",반복구조로 오브젝트를 입력한 횟수만큼 움직이거나 변화시킬 수 있다. | 신호를 이용해 오브젝트 사이의 상호작용이 이루어지도록 할 수 있다.
5b2a1adc4d2d7878d3ea319a,https://playentry.org/study/lecture/5b2a1adc4d2d7878d3ea319a,그림판 만들기,중간,기타,"▶ 무엇을 만들어 볼까?
크레파스를 이용하여 그림을 그릴 수 있는 그림판을 만들어 봅시다.

▶ 작품 살펴보기
1. 작품을 실행하고 마우스를 움직여봅시다.
2. 마우스를 클릭한 상태로 움직여봅시다.
3. 키보드 ↑, ↓ 키를 눌러 봅시다.
4. 빨간색, 파란색 물감을 클릭해 봅시다.",반복구조로 오브젝트를 계속 움직이거나 변화시킬 수 있다. | 키보드를 눌렀을 때 특정 행동을 하는 작품을 만들 수 있다. | 신호를 이용해 오브젝트 사이의 상호작용이 이루어지도록 할 수 있다.
5b2a1b1935b1356e76615ee7,https://playentry.org/study/lecture/5b2a1b1935b1356e76615ee7,숨은 곤충 찾기,중간,기타,"▶ 무엇을 만들어 볼까?
탐험가를 마우스로 움직여 숨은 곤충을 찾을 수 있도록 해 봅시다. 

▶ 작품 살펴보기
1. 작품을 실행하고 마우스를 움직여봅시다.
2. 탐험가가 곤충과 닿았을 때 어떤 변화가 생기는지 살펴 봅시다.",반복과 선택구조로 특정 조건에서 오브젝트의 모양에 변화를 줄 수 있다.
5b2a1b540d074f6c07eb2455,https://playentry.org/study/lecture/5b2a1b540d074f6c07eb2455,미로 탈출 게임,중간,기타,"▶ 무엇을 만들어 볼까?
키보드를 이용해 자동차를 미로에서 탈출시켜 봅시다.

▶ 작품 살펴보기
1. 키보드 ↑, ↓ 키를 눌러 봅시다.  
2. 키보드 ←,→ 키를 눌러 봅시다.
3. 자동차가 미로에 닿도록 해 봅시다.
4. 자동차가 보물지도에 닿도록 해 봅시다.",반복과 선택구조로 특정 조건에서 오브젝트의 위치에 변화를 줄 수 있다. | 키보드를 눌렀을 때 오브젝트가 움직이도록 할 수 있다. | 신호를 이용해 오브젝트 사이의 상호작용이 이루어지도록 할 수 있다.
5b2a1b8d1256ad16ad7476af,https://playentry.org/study/lecture/5b2a1b8d1256ad16ad7476af,농장탈출 게임 만들기,중간,기타,"▶ 무엇을 만들어 볼까?
마우스를 이용해 미어캣이 다른 동물들을 피해 집으로 갈 수 있게 해 봅시다.

▶ 작품 살펴보기
1. 부엉이, 거미, 곰의 움직임을 살펴 봅시다.
2. 마우스를 움직여 미어캣이 다른 동물이나 가시에 닿도록 해 봅시다.
3. 미어캣이 집에 닿도록 해 봅시다.",반복과 선택구조로 특정 조건에 따라 게임을 끝낼 수 있다. | 신호를 이용해 오브젝트 사이의 상호작용이 이루어지도록 할 수 있다.
5b2a1bbeb5916ed743a8ed5d,https://playentry.org/study/lecture/5b2a1bbeb5916ed743a8ed5d,여러가지 패턴 그리기,중간,기타,"▶ 무엇을 만들어 볼까?
삼각형, 사각형, 원 등 다양한 도형을 그릴 수 있는 작품을 만들어 봅시다.

▶ 작품 살펴보기
1. 키보드 →, ←, ↑, ↓ 키를 각각 눌러 봅시다.
2. 키보드 0,3,4 키를 각각 눌러 봅시다.",반복 구조로 오브젝트의 움직임에 변화를 줄 수 있다. | 키보드를 눌렀을 때 오브젝트가 특정 행동을 하도록 할 수 있다.
5b2a1c3474e7f63440468cdd,https://playentry.org/study/lecture/5b2a1c3474e7f63440468cdd,자동문 만들기,중간,기타,"▶ 무엇을 만들어 볼까?
사람이 앞으로 걸어 가다가, 센서에 닿으면 문이 열리고 전구가 켜지는 작품을 만들어 봅시다.

▶ 작품 살펴보기
1. 작품을 실행하고 사람의 움직임을 살펴 봅시다.
2. 사람이 센서에 닿았을 때 자동문과 전구의 변화를 살펴 봅시다.",신호를 이용해 오브젝트 사이의 상호작용이 이루어지도록 할 수 있다. | 반복과 선택구조로 특정 조건에서 오브젝트의 모양에 변화를 줄 수 있다.
5b2a1d3d3a33793446eebb00,https://playentry.org/study/lecture/5b2a1d3d3a33793446eebb00,학교에서 있었던 이야기,중간,기타,"▶ 무엇을 만들어 볼까?
친구, 선생님과 대화를 나누는 등 학교에서 있었던 일을 애니메이션으로 만들어 봅시다.

▶ 작품 살펴보기
1. 작품을 실행하고, 학생과 선생님의 대화를 살펴 봅시다.
2. 각 장면에서 학생이 움직이는 모습을 살펴 봅시다.
2. 교실에서 운동장으로 장면이 전환되는 것을 살펴 봅시다.",신호를 이용해 오브젝트 사이의 상호작용이 이루어지도록 할 수 있다. | 반복과 선택구조로 특정 조건에서 오브젝트의 모양과 위치에 변화를 줄 수 있다. | 여러 개의 장면으로 이루어진 프로젝트를 만들 수 있다.
5b2a1d8d15c2b1d7018b0102,https://playentry.org/study/lecture/5b2a1d8d15c2b1d7018b0102,자동 기사 작성 로봇,중간,기타,"▶ 무엇을 만들어 볼까?
축구 경기 정보를 입력하면 자동으로 기사를 작성해주는 로봇을 만들어 봅시다.

▶ 작품 살펴보기
1. 마우스로 기사 작성 로봇을 클릭해 봅시다.
2. 키보드로 대답을 입력하고, 기사가 작성된 결과를 살펴봅시다.",질문을 통해 대답을 입력받을 수 있도록 할 수 있다. | 마우스를 눌렀을 때 오브젝트가 특정 행동을 하도록 할 수 있다. | 글상자에 내용을 추가하고 수정할 수 있다.
5b2a1dbe10bd4e598336b83b,https://playentry.org/study/lecture/5b2a1dbe10bd4e598336b83b,나만의 동물사전 만들기,중간,기타,"▶ 무엇을 만들어 볼까?
동물의 이름을 검색하면 동물과 관련된 정보를 알려주는 전자 사전을 만들어 봅시다.

▶ 작품 살펴보기
1. 선생님을 클릭해 봅시다.
2. 키보드로 동물의 이름을 입력해 봅시다.
3. 돌아가기 버튼을 클릭해 봅시다.",선택구조로 특정 조건에서 장면을 변환할 수 있다. | 글상자에 내용을 추가하고 수정할 수 있다.
5b2a1e031256ad16ad7477f4,https://playentry.org/study/lecture/5b2a1e031256ad16ad7477f4,우주 탐사 게임,중간,기타,"▶ 무엇을 만들어 볼까?
우주인이 별에 닿으면 점수가 올라가는 우주 탐사 게임을 만들어 봅시다.

▶ 작품 살펴보기
1. 마우스를 움직여 봅시다.
2. 우주인이 별에 닿도록 해 봅시다.
3. 초시계가 15초를 지났을 때 어떤 변화가 생기는지 살펴봅시다.",오브젝트의 복제본을 만들어 화면안에 동일한 오브젝트가 여러 개 나오도록 만들 수 있다. | 여러 개의 문자열을 합쳐 오브젝트가 말하도록 만들 수 있다. | 신호를 이용해 오브젝트 사이의 상호작용이 이루어지도록 할 수 있다. | 반복구조로 오브젝트가 동작을 여러번 반복하도록 만들 수 있다.
5b2a1e4b1524ec1958ce024f,https://playentry.org/study/lecture/5b2a1e4b1524ec1958ce024f,드론 조종 게임,중간,기타,"▶ 무엇을 만들어 볼까?
드론을 조종하여 랜덤으로 나오는 방해물을 최대한 오랫동안 피하는 게임을 만들어 봅시다.

▶ 작품 살펴보기
1. 키보드 → , ←, ↑, ↓키 를 각각 눌러 봅시다.
2. 드론이 벽에 닿도록 해 봅시다.
3. 드론이 방해물에 닿도록 해 봅시다.",오브젝트의 복제본을 만들어 화면안에 동일한 오브젝트가 여러개 나오도록 만들 수 있다. | 반복과 선택구조로 특정 조건에서 오브젝트의 움직임에 변화를 줄 수 있다. | 범위 내의 수 중 무작위 수가 지정되도록 만들 수 있다. | 초시계를 이용하여 원하는 구간의 시간을 측정할 수 있다.
5b2b04943a39077193f17b74,https://playentry.org/study/lecture/5b2b04943a39077193f17b74,방탈출게임 만들기,중간,기타,"▶ 무엇을 만들어 볼까?
남자아이가 비밀의 방을 탈출하는 이야기를 애니메이션으로 만들어 봅시다. 

▶ 작품 살펴보기
1. 방 안의 다양한 사물을 마우스로 클릭해 봅시다.",선택구조로 특정 조건에 따라 게임을 끝낼 수 있다. | 마우스를 눌렀을 때 오브젝트가 특정 행동을 하도록 할 수 있다. | 대답에 따라 다음 장면으로 진행되도록 할 수 있다. | 신호를 이용해 오브젝트 사이의 상호작용이 이루어지도록 할 수 있다.
5b2b04bbc6d86e71a4ab123f,https://playentry.org/study/lecture/5b2b04bbc6d86e71a4ab123f,벚꽃 애니메이션,중간,기타,"▶ 무엇을 만들어 볼까?
벚꽃이 차례대로 피는 모습을 애니메이션으로 만들어 봅시다. 

▶ 작품 살펴보기
1. 벚꽃 나무가 나타나는 모습을 살펴 봅시다.
2. 벚꽃잎이 움직이는 모습을 살펴 봅시다.",복제본을 이용하여 벚꽃잎이 계속 떨어지도록 할 수 있다. | 신호를 이용해 오브젝트 사이의 상호작용이 이루어지도록 할 수 있다. | 반복 구조와 무작위 수를 이용하여 오브젝트의 움직임을 제어할 수 있다.
5b2b04edc6d86e71a4ab1249,https://playentry.org/study/lecture/5b2b04edc6d86e71a4ab1249,계란 피하기 게임 만들기,중간,기타,"▶ 무엇을 만들어 볼까?
키보드를 이용해 자동차가 하늘에서 떨어지는 계란을 피하는 게임을 만들어 봅시다.

▶ 작품 살펴보기
1. 키보드 →, ←키를 각각 눌러봅시다.
2. 자동차를 움직여 벽에 닿게 해 봅시다.
3. 자동차를 움직여 계란에 닿게 해 봅시다.",복제본을 이용하여 계란이 계속 떨어지도록 할 수 있다. | 반복과 선택구조를 이용해 특정 조건에 따라 오브젝트의 움직임을 제어할 수 있다. | 초시계와 문자열을 이용해 게임 결과를 화면에 나타낼 수 있다.
5b2b05467368d071a948e812,https://playentry.org/study/lecture/5b2b05467368d071a948e812,공 튀기기 게임,중간,기타,"▶ 무엇을 만들어 볼까?
키보드를 이용해 농구공을 상자 위로 움직여, 동전을 얻어야 종료되는 게임을 만들어 봅시다.

▶ 작품 살펴보기
1. 상자의 움직임을 살펴봅시다. 
2. 오른쪽, 왼쪽 화살표를 각각 눌러봅시다.
3. 농구공을 움직여 상자에 닿게 해 봅시다.
4. 농구공을 움직여 아래쪽 벽에 닿게 해 봅시다. 
5. 농구공을 움직여 동전에 닿게 해 봅시다.",복제본을 이용하여 여러개의 오브젝트가 등장하도록 할 수 있다. | 반복과 선택을 이용해 특정 조건에 따라 오브젝트의 움직임을 제어할 수 있다. | 변수를 이용해 다양한 값을 저장할 수 있다. | 여러 개의 장면으로 이루어진 프로젝트를 만들 수 있다.
5b2b056ac6d86e71a4ab1253,https://playentry.org/study/lecture/5b2b056ac6d86e71a4ab1253,버킷 리스트 만들기,중간,기타,"▶ 무엇을 만들어 볼까?
내가 살면서 꼭 하고 싶은 일을 추가하고, 작성한 내용을 수정 및 삭제할 수 있는 버킷 리스트 수첩을 만들어 봅시다.

▶ 작품 살펴보기
1. 추가하기 버튼을 눌러 버킷 리스트에 내용을 추가해 봅시다.
2. 수정하기 버튼을 눌러 버킷 리스트의 내용을 수정해 봅시다.
3. 삭제하기 버튼을 눌러 버킷 리스트의 내용을 삭제해 봅시다.",리스트를 이용하여 여러가지 값들을 하나의 리스트 안에 저장할 수 있다. | 선택과 반복을 이용해 특정 조건에 따라 리스트의 값을 제어할 수 있다. | 변수를 이용해 다양한 값을 저장할 수 있다.
5b2b059b3a39077193f17b7e,https://playentry.org/study/lecture/5b2b059b3a39077193f17b7e,학습 퀴즈 게임 만들기,중간,기타,"▶ 무엇을 만들어 볼까?
내가 직접 퀴즈 문제를 내고 풀어볼 수 있는 작품을 만들어 봅시다.

▶ 작품 살펴보기
1. 퀴즈 만들기 버튼을 눌러 퀴즈를 추가해 봅시다.
2. 퀴즈 삭제하기 버튼을 눌러 퀴즈를 삭제해 봅시다.
3. 퀴즈 풀기 버튼을 눌러 퀴즈를 풀어 봅시다.",리스트를 이용하여 여러가지 값들을 하나의 리스트 안에 저장할 수 있다. | 변수를 이용해 다양한 값을 저장할 수 있다. | 범위 내의 수 중 무작위 수가 지정되도록 만들 수 있다.
5b2c92fce35b0cae806184a3,https://playentry.org/study/lecture/5b2c92fce35b0cae806184a3,대칭 도형 그리기,중간,기타,"▶ 무엇을 만들어 볼까?
마우스를 이용해 대칭 도형을 그릴 수 있는 작품을 만들어 봅시다.

▶ 작품 살펴보기
1. 마우스를 클릭한 상태로 그림을 그려 봅시다.
2. 지우개 버튼을 눌러 봅시다.""",반복과 선택구조로 특정 조건에서 오브젝트의 움직임에 변화를 줄 수 있다. | 신호를 이용해 오브젝트 사이의 상호작용이 이루어지도록 할 수 있다.
5b30b7e9bb0c29e0b05182f9,https://playentry.org/study/lecture/5b30b7e9bb0c29e0b05182f9,여행 지도 만들기,중간,기타,"▶ 무엇을 만들어 볼까?
다양한 지역의 여행 정보가 담긴 여행 지도를 만들어 봅시다.

▶ 작품 살펴보기
1. 자유의 여신상을 클릭해 봅시다.
2. 나가기 버튼을 클릭해 봅시다.
3. 타지마할을 클릭해 봅시다.
4. 만리장성을 클릭해 봅시다",여러 개의 장면으로 이루어진 프로젝트를 만들 수 있다. | 마우스를 클릭했을 때 특정 행동을 하는 작품을 만들 수 있다.
5b84afff1f9c2e0e035b9028,https://playentry.org/study/lecture/5b84afff1f9c2e0e035b9028,중급_농장 탈출 게임 만들기,중간,게임,"▶ 무엇을 만들어 볼까?
마우스를 이용해 미어캣이 다른 동물들을 피해 집으로 갈 수 있게 해 봅시다.

▶ 작품 살펴보기
1. 부엉이, 거미, 곰의 움직임을 살펴 봅시다.
2. 마우스를 움직여 미어캣이 다른 동물이나 가시에 닿도록 해 봅시다.
3. 미어캣이 집에 닿도록 해 봅시다.",반복과 선택 구조로 특정 조건에 따라 게임을 끝낼 수 있다. | 신호를 이용해 오브젝트 사이의 상호작용이 이루어지도록 할 수 있다.
5b84afff1f9c2e0e035b902a,https://playentry.org/study/lecture/5b84afff1f9c2e0e035b902a,중급_학교에서 있었던 이야기,중간,스토리텔링,"▶ 무엇을 만들어 볼까?
친구, 선생님과 대화를 나누는 등 학교에서 있었던 일을 애니메이션으로 만들어 봅시다.

▶ 작품 살펴보기
1. 작품을 실행하고, 학생과 선생님의 대화를 살펴 봅시다.
2. 각 장면에서 학생이 움직이는 모습을 살펴 봅시다.
2. 교실에서 운동장으로 장면이 전환되는 것을 살펴 봅시다.",신호를 이용해 오브젝트 사이의 상호작용이 이루어지도록 할 수 있다. | 반복과 선택구조로 특정 조건에서 오브젝트의 모양과 위치에 변화를 줄 수 있다. | 여러 개의 장면으로 이루어진 프로젝트를 만들 수 있다.
5b84afff1f9c2e0e035b902c,https://playentry.org/study/lecture/5b84afff1f9c2e0e035b902c,중급_벚꽃 애니메이션,중간,스토리텔링,"▶ 무엇을 만들어 볼까?
벚꽃이 차례대로 피는 모습을 애니메이션으로 만들어 봅시다. 

▶ 작품 살펴보기
1. 벚꽃 나무가 나타나는 모습을 살펴 봅시다.
2. 벚꽃잎이 움직이는 모습을 살펴 봅시다.",복제본을 이용하여 벚꽃잎이 계속 떨어지도록 할 수 있다. | 신호를 이용해 오브젝트 사이의 상호작용이 이루어지도록 할 수 있다. | 반복 구조와 무작위 수를 이용하여 오브젝트의 움직임을 제어할 수 있다.
5b84afff1f9c2e0e035b902e,https://playentry.org/study/lecture/5b84afff1f9c2e0e035b902e,중급_드론 조종 게임,중간,기타,"▶ 무엇을 만들어 볼까?
드론을 조종하여 랜덤으로 나오는 방해물을 최대한 오랫동안 피하는 게임을 만들어 봅시다.

▶ 작품 살펴보기
1. 키보드 → , ←, ↑, ↓키 를 각각 눌러 봅시다.
2. 드론이 벽에 닿도록 해 봅시다.
3. 드론이 방해물에 닿도록 해 봅시다.",오브젝트의 복제본을 만들어 화면안에 동일한 오브젝트가 여러개 나오도록 만들 수 있다. | 반복과 선택구조로 특정 조건에서 오브젝트의 움직임에 변화를 줄 수 있다. | 범위 내의 수 중 무작위 수가 지정되도록 만들 수 있다. | 초시계를 이용하여 원하는 구간의 시간을 측정할 수 있다.
5b84afff1f9c2e0e035b9030,https://playentry.org/study/lecture/5b84afff1f9c2e0e035b9030,중급_버킷 리스트 만들기,중간,생활과 도구,"▶ 무엇을 만들어 볼까?
내가 살면서 꼭 하고 싶은 일을 추가하고, 작성한 내용을 수정 및 삭제할 수 있는 버킷 리스트 수첩을 만들어 봅시다.

▶ 작품 살펴보기
1. 추가하기 버튼을 눌러 버킷 리스트에 내용을 추가해 봅시다.
2. 수정하기 버튼을 눌러 버킷 리스트의 내용을 수정해 봅시다.
3. 삭제하기 버튼을 눌러 버킷 리스트의 내용을 삭제해 봅시다.",리스트를 이용하여 여러가지 값들을 하나의 리스트 안에 저장할 수 있다. | 선택과 반복을 이용해 특정 조건에 따라 리스트의 값을 제어할 수 있다. | 변수를 이용해 다양한 값을 저장할 수 있다.
5b84afff1f9c2e0e035b9032,https://playentry.org/study/lecture/5b84afff1f9c2e0e035b9032,중급_미로 탈출 게임,중간,게임,"▶ 무엇을 만들어 볼까?
키보드를 이용해 자동차를 미로에서 탈출시켜 봅시다.

▶ 작품 살펴보기
1. 키보드 ↑, ↓ 키를 눌러 봅시다.  
2. 키보드 ←,→ 키를 눌러 봅시다.
3. 자동차가 미로에 닿도록 해 봅시다.
4. 자동차가 보물지도에 닿도록 해 봅시다.",반복과 선택 구조로 특정 조건에서 오브젝트의 위치에 변화를 줄 수 있다. | 키보드를 눌렀을 때 오브젝트가 움직이도록 할 수 있다. | 신호를 이용해 오브젝트 사이의 상호작용이 이루어지도록 할 수 있다.
5b84afff1f9c2e0e035b9034,https://playentry.org/study/lecture/5b84afff1f9c2e0e035b9034,중급_여러가지 패턴 그리기,중간,예술,"▶ 무엇을 만들어 볼까?
삼각형, 사각형, 원 등 다양한 도형을 그릴 수 있는 작품을 만들어 봅시다.

▶ 작품 살펴보기
1. 키보드 →, ←, ↑, ↓ 키를 각각 눌러 봅시다.
2. 키보드 0,3,4 키를 각각 눌러 봅시다.",반복 구조로 오브젝트의 움직임에 변화를 줄 수 있다. | 키보드를 눌렀을 때 오브젝트가 특정 행동을 하도록 할 수 있다.
5b84afff1f9c2e0e035b9036,https://playentry.org/study/lecture/5b84afff1f9c2e0e035b9036,중급_자동문 만들기,중간,생활과 도구,"▶ 무엇을 만들어 볼까?
사람이 앞으로 걸어 가다가, 센서에 닿으면 문이 열리고 전구가 켜지는 작품을 만들어 봅시다.

▶ 작품 살펴보기
1. 작품을 실행하고 사람의 움직임을 살펴 봅시다.
2. 사람이 센서에 닿았을 때 자동문과 전구의 변화를 살펴 봅시다.",신호를 이용해 오브젝트 사이의 상호작용이 이루어지도록 할 수 있다. | 반복과 선택 구조로 특정 조건에서 오브젝트의 모양에 변화를 줄 수 있다.
5b84afff1f9c2e0e035b9038,https://playentry.org/study/lecture/5b84afff1f9c2e0e035b9038,중급_자동 기사 작성 로봇,중간,기타,"▶ 무엇을 만들어 볼까?
축구 경기 정보를 입력하면 자동으로 기사를 작성해주는 로봇을 만들어 봅시다.

▶ 작품 살펴보기
1. 마우스로 기사 작성 로봇을 클릭해 봅시다.
2. 키보드로 대답을 입력하고, 기사가 작성된 결과를 살펴봅시다.",질문을 통해 대답을 입력받을 수 있도록 할 수 있다. | 마우스를 눌렀을 때 오브젝트가 특정 행동을 하도록 할 수 있다. | 글상자에 내용을 추가하고 수정할 수 있다.
5b84afff1f9c2e0e035b903a,https://playentry.org/study/lecture/5b84afff1f9c2e0e035b903a,중급_우주 탐사 게임,중간,게임,"▶ 무엇을 만들어 볼까?
우주인이 별에 닿으면 점수가 올라가는 우주 탐사 게임을 만들어 봅시다.

▶ 작품 살펴보기
1. 마우스를 움직여 봅시다.
2. 우주인이 별에 닿도록 해 봅시다.
3. 초시계가 15초를 지났을 때 어떤 변화가 생기는지 살펴 봅시다.",오브젝트의 복제본을 만들어 화면 안에 동일한 오브젝트가 여러 개 나오도록 만들 수 있다. | 여러 개의 문자열을 합쳐 오브젝트가 말하도록 만들 수 있다. | 신호를 이용해 오브젝트 사이의 상호작용이 이루어지도록 할 수 있다. | 반복 구조로 오브젝트가 동작을 여러번 반복하도록 만들 수 있다.
5b84afff1f9c2e0e035b903c,https://playentry.org/study/lecture/5b84afff1f9c2e0e035b903c,중급_방탈출 게임 만들기,중간,게임,"▶ 무엇을 만들어 볼까?
엔트리봇이 비밀의 방을 탈출하는 이야기를 애니메이션으로 만들어 봅시다. 

▶ 작품 살펴보기
1. 방 안의 다양한 사물을 마우스로 클릭해 봅시다.",선택구조로 특정 조건에 따라 게임을 끝낼 수 있다. | 마우스를 눌렀을 때 오브젝트가 특정 행동을 하도록 할 수 있다. | 대답에 따라 다음 장면으로 진행되도록 할 수 있다. | 신호를 이용해 오브젝트 사이의 상호작용이 이루어지도록 할 수 있다.
5b84afff1f9c2e0e035b903e,https://playentry.org/study/lecture/5b84afff1f9c2e0e035b903e,중급_계란 피하기 게임 만들기,중간,게임,"▶ 무엇을 만들어 볼까?
키보드를 이용해 자동차가 하늘에서 떨어지는 계란을 피하는 게임을 만들어 봅시다.

▶ 작품 살펴보기
1. 키보드 →, ←키를 각각 눌러봅시다.
2. 자동차를 움직여 벽에 닿게 해 봅시다.
3. 자동차를 움직여 계란에 닿게 해 봅시다.",복제본을 이용하여 계란이 계속 떨어지도록 할 수 있다. | 반복과 선택구조를 이용해 특정 조건에 따라 오브젝트의 움직임을 제어할 수 있다. | 초시계와 문자열을 이용해 게임 결과를 화면에 나타낼 수 있다.
5b84afff1f9c2e0e035b9040,https://playentry.org/study/lecture/5b84afff1f9c2e0e035b9040,중급_여행 지도 만들기,중간,지식 공유,"▶ 무엇을 만들어 볼까?
다양한 지역의 여행 정보가 담긴 여행 지도를 만들어 봅시다.

▶ 작품 살펴보기
1. 자유의 여신상을 클릭해 봅시다.
2. 나가기 버튼을 클릭해 봅시다.
3. 타지마할을 클릭해 봅시다.
4. 만리장성을 클릭해 봅시다",여러 개의 장면으로 이루어진 프로젝트를 만들 수 있다. | 마우스를 클릭했을 때 특정 행동을 하는 작품을 만들 수 있다.
5b84afff1f9c2e0e035b9042,https://playentry.org/study/lecture/5b84afff1f9c2e0e035b9042,중급_동물 가족 이야기,중간,스토리텔링,"▶ 무엇을 만들어 볼까?
원숭이와 곰, 사자가 대화를 주고받는 작품을 만들어 봅시다.

▶ 작품 살펴보기
1. 키보드의 숫자 1키를 눌러 봅시다.
2. 암사자를 클릭해 봅시다.",순서대로 블록을 조립하여 오브젝트를 움직일 수 있다. | 반복구조로 오브젝트를 입력한 횟수만큼 움직이거나 변화시킬 수 있다. | 키보드를 입력했을 때 특정 행동을 하는 애니메이션을 만들 수 있다. | 신호를 이용해 오브젝트 사이의 상호작용이 이루어지도록 할 수 있다.
5b84afff1f9c2e0e035b9044,https://playentry.org/study/lecture/5b84afff1f9c2e0e035b9044,중급_사막에서 일어난 일,중간,스토리텔링,"▶ 무엇을 만들어 볼까?
사막을 여행하는 탐험가의 이야기를 만들어 봅시다.

▶ 작품 살펴보기
1. 작품을 실행하고 화면에 나타나는 글상자를 살펴봅시다.
2. 탐험가의 움직임을 살펴봅시다.
3. 마우스를 클릭해 물을 발견해봅니다.",반복 구조로 오브젝트를 입력한 횟수만큼 움직이거나 변화시킬 수 있다. | 신호를 이용해 오브젝트 사이의 상호작용이 이루어지도록 할 수 있다.
5b84afff1f9c2e0e035b9046,https://playentry.org/study/lecture/5b84afff1f9c2e0e035b9046,중급_그림판 만들기,중간,예술,"▶ 무엇을 만들어 볼까?
크레파스를 이용하여 그림을 그릴 수 있는 그림판을 만들어 봅시다.

▶ 작품 살펴보기
1. 작품을 실행하고 마우스를 움직여봅시다.
2. 마우스를 클릭한 상태로 움직여봅시다.
3. 키보드 ↑, ↓ 키를 눌러 봅시다.
4. 빨간색, 파란색 물감을 클릭해 봅시다.",반복구조로 오브젝트를 계속 움직이거나 변화시킬 수 있다. | 키보드를 눌렀을 때 특정 행동을 하는 작품을 만들 수 있다. | 신호를 이용해 오브젝트 사이의 상호작용이 이루어지도록 할 수 있다.
5b84afff1f9c2e0e035b9048,https://playentry.org/study/lecture/5b84afff1f9c2e0e035b9048,중급_숨은 곤충 찾기,중간,스토리텔링,"▶ 무엇을 만들어 볼까?
탐험가를 마우스로 움직여 숨은 곤충을 찾을 수 있도록 해 봅시다. 

▶ 작품 살펴보기
1. 작품을 실행하고 마우스를 움직여 봅시다.
2. 탐험가가 곤충과 닿았을 때 어떤 변화가 생기는지 살펴 봅시다.",반복과 선택 구조로 특정 조건에서 오브젝트의 모양에 변화를 줄 수 있다.
5b84afff1f9c2e0e035b904a,https://playentry.org/study/lecture/5b84afff1f9c2e0e035b904a,중급_나만의 동물사전 만들기,중간,기타,"▶ 무엇을 만들어 볼까?
동물의 이름을 검색하면 동물과 관련된 정보를 알려주는 전자 사전을 만들어 봅시다.

▶ 작품 살펴보기
1. 선생님을 클릭해 봅시다.
2. 키보드로 동물의 이름을 입력해 봅시다.
3. 돌아가기 버튼을 클릭해 봅시다.",선택구조로 특정 조건에서 장면을 변환할 수 있다. | 글상자에 내용을 추가하고 수정할 수 있다.
5b84afff1f9c2e0e035b904c,https://playentry.org/study/lecture/5b84afff1f9c2e0e035b904c,중급_공 튀기기 게임,중간,게임,"▶ 무엇을 만들어 볼까?
키보드를 이용해 농구공을 상자 위로 움직여, 동전을 얻어야 종료되는 게임을 만들어 봅시다.

▶ 작품 살펴보기
1. 상자의 움직임을 살펴봅시다. 
2. 오른쪽, 왼쪽 화살표를 각각 눌러봅시다.
3. 농구공을 움직여 상자에 닿게 해 봅시다.
4. 농구공을 움직여 아래쪽 벽에 닿게 해 봅시다. 
5. 농구공을 움직여 동전에 닿게 해 봅시다.",복제본을 이용하여 여러개의 오브젝트가 등장하도록 할 수 있다. | 반복과 선택을 이용해 특정 조건에 따라 오브젝트의 움직임을 제어할 수 있다. | 변수를 이용해 다양한 값을 저장할 수 있다. | 여러 개의 장면으로 이루어진 프로젝트를 만들 수 있다.
5b84afff1f9c2e0e035b904e,https://playentry.org/study/lecture/5b84afff1f9c2e0e035b904e,중급_학습 퀴즈 게임 만들기,중간,게임,"▶ 무엇을 만들어 볼까?
내가 직접 퀴즈 문제를 내고 풀어볼 수 있는 작품을 만들어 봅시다.

▶ 작품 살펴보기
1. 퀴즈 만들기 버튼을 눌러 퀴즈를 추가해 봅시다.
2. 퀴즈 삭제하기 버튼을 눌러 퀴즈를 삭제해 봅시다.
3. 퀴즈 풀기 버튼을 눌러 퀴즈를 풀어 봅시다.",리스트를 이용하여 여러가지 값들을 하나의 리스트 안에 저장할 수 있다. | 변수를 이용해 다양한 값을 저장할 수 있다. | 범위 내의 수 중 무작위 수가 지정되도록 만들 수 있다.
5b84afff1f9c2e0e035b9050,https://playentry.org/study/lecture/5b84afff1f9c2e0e035b9050,중급_대칭 도형 그리기,중간,생활과 도구,"▶ 무엇을 만들어 볼까?
마우스를 이용해 대칭 도형을 그릴 수 있는 작품을 만들어 봅시다.

▶ 작품 살펴보기
1. 마우스를 클릭한 상태로 그림을 그려 봅시다.
2. 지우개 버튼을 눌러 봅시다.""",반복과 선택구조로 특정 조건에서 오브젝트의 움직임에 변화를 줄 수 있다. | 신호를 이용해 오브젝트 사이의 상호작용이 이루어지도록 할 수 있다.
607405c9c5440c0438f7e651,https://playentry.org/study/lecture/607405c9c5440c0438f7e651,동물 친구 이야기 만들기_초3초급,쉬움,스토리텔링,"▶ 무엇을 만들어 볼까?
강아지와 고양이가 대화하고 달리는 모습을 만들어봅시다.

▶ 작품 살펴보기
1. 작품을 실행하고 강아지와 고양이의 대화를 살펴봅시다.
2. 강아지와 고양이의 움직임을 살펴봅시다.",순서대로 블록을 조립하여 오브젝트간 대화를 만들 수 있다. | 두 개의 오브젝트를 동시에 움직일 수 있다. | 반복구조로 입력한 횟수만큼 오브젝트가 걸어가는 효과를 만들 수 있다.
60af4f6bd1256600b6de9b85,https://playentry.org/study/lecture/60af4f6bd1256600b6de9b85,누르면 나온다! 자동판매기,쉬움,생활과 도구,"돈을 넣고 원하는 물건을 고르면 저절로 물건을 건네주는 자동판매기! 이 자동판매기는 어떤 원리를 지닌걸까? 
""주문금액""과 ""투입금액""이라는 변수를 이용하고 서로의 값이 다를 경우, 그리고 같은 상황에 대해 어떻게 코딩을 해야 할지, 다 같이 생각해보도록 해요!",돈을 넣으면 물건이 나오는 자동판매기 소프트웨어를 만들어 보아요!
